order_id,product_id,quantity
0,8048,9
1,8110,5
1,8051,9
1,8032,4
1,8091,4
2,8014,9
3,8030,8
4,8015,3
4,8077,2
4,8141,3
5,8069,9
5,8095,5
5,8025,3
5,8092,5
5,8146,2
6,8030,6
7,8068,10
7,8003,7
7,8047,5
8,8095,5
8,8116,9
8,8028,3
8,8007,10
9,8017,3
10,8020,10
11,8075,7
12,8041,10
13,8007,10
13,8000,5
13,8022,5
13,8077,7
13,8028,3
13,8102,6
13,8007,7
13,8141,4
13,8109,10
13,8130,8
13,8094,9
14,8055,5
14,8087,5
15,8097,6
16,8134,1
16,8056,3
16,8146,5
16,8033,10
17,8072,5
17,8113,9
17,8072,2
17,8142,2
18,8120,6
18,8118,3
18,8102,8
18,8031,6
18,8043,3
18,8075,7
19,8031,4
20,8086,2
20,8146,10
20,8044,8
20,8010,1
21,8042,1
22,8021,5
22,8130,10
22,8073,9
22,8129,5
23,8007,3
23,8119,6
23,8045,4
23,8094,1
23,8116,5
23,8086,1
24,8005,7
25,8084,6
25,8040,3
26,8079,4
27,8039,7
27,8106,5
27,8126,2
28,8030,7
28,8040,7
29,8129,6
29,8054,4
29,8067,6
29,8029,3
30,8064,5
30,8047,3
31,8149,4
32,8144,9
32,8062,8
32,8118,3
32,8142,6
32,8062,2
32,8063,2
33,8148,2
34,8013,1
35,8002,10
35,8147,7
36,8129,9
36,8139,5
37,8078,2
37,8043,4
37,8055,4
37,8114,5
37,8081,5
38,8003,7
38,8037,7
38,8003,6
39,8032,4
40,8126,7
40,8097,1
40,8077,1
41,8085,2
41,8005,7
42,8073,9
42,8066,7
43,8136,7
44,8035,8
44,8135,2
45,8048,6
45,8006,8
45,8029,9
45,8049,4
45,8056,5
45,8134,10
45,8080,1
45,8078,4
46,8149,7
46,8000,5
46,8008,5
47,8050,2
47,8080,10
48,8134,4
48,8041,7
49,8141,7
49,8131,5
50,8119,6
50,8007,4
50,8004,2
50,8123,5
51,8091,7
51,8073,4
51,8074,10
51,8002,3
51,8030,4
52,8149,10
52,8026,1
52,8011,7
52,8141,10
53,8084,2
53,8023,8
54,8039,3
54,8082,9
54,8003,4
55,8119,9
55,8063,8
55,8033,1
55,8048,8
56,8106,9
57,8132,9
57,8123,2
57,8002,10
57,8066,5
58,8054,8
59,8015,6
59,8027,4
59,8088,10
59,8108,10
59,8005,2
60,8113,4
60,8034,10
61,8127,1
61,8006,9
62,8033,1
63,8060,3
64,8097,8
65,8138,4
65,8096,9
65,8017,6
65,8126,1
66,8089,7
66,8005,3
66,8117,8
67,8149,4
67,8065,6
67,8081,4
67,8000,2
67,8083,5
68,8089,5
68,8060,2
68,8082,10
68,8100,4
68,8025,3
69,8038,3
69,8040,1
69,8063,6
69,8066,4
69,8027,7
69,8138,9
69,8119,9
69,8089,4
69,8102,4
69,8054,1
69,8013,2
70,8009,9
70,8110,6
70,8093,1
70,8142,9
70,8078,1
70,8017,8
70,8012,4
70,8091,5
70,8079,2
70,8147,1
71,8037,4
72,8079,2
72,8061,7
72,8027,2
72,8076,6
72,8021,9
73,8102,9
73,8082,3
74,8083,2
75,8031,10
76,8115,7
76,8106,3
76,8098,9
76,8071,3
76,8056,4
76,8040,7
76,8099,10
77,8086,2
77,8064,6
77,8068,1
78,8079,8
78,8117,3
78,8136,8
78,8093,6
78,8059,7
78,8139,8
78,8027,8
79,8005,9
79,8084,9
79,8093,9
79,8120,8
80,8145,4
80,8117,10
80,8060,1
80,8050,4
81,8064,3
82,8132,4
82,8085,9
82,8105,3
83,8112,10
84,8023,9
85,8131,5
86,8106,6
86,8016,5
86,8066,10
86,8033,6
87,8039,5
87,8029,8
87,8091,2
87,8085,4
87,8018,1
88,8032,9
88,8055,4
89,8062,2
89,8057,1
89,8141,1
90,8099,7
90,8127,10
90,8044,3
90,8118,5
90,8017,6
91,8029,1
92,8129,3
93,8078,9
93,8140,1
93,8005,4
93,8137,4
93,8126,9
94,8026,1
94,8095,1
94,8053,1
95,8022,2
96,8132,1
97,8066,3
98,8124,7
99,8130,9
99,8086,6
99,8002,3
99,8027,9
99,8020,8
99,8126,10
99,8119,5
100,8055,10
100,8109,6
100,8121,2
100,8017,4
101,8114,3
102,8050,7
102,8126,10
103,8117,2
104,8092,1
104,8081,2
105,8142,10
105,8074,2
105,8105,10
105,8146,7
105,8117,7
105,8013,6
106,8082,7
106,8020,1
106,8025,9
106,8046,8
107,8149,10
107,8113,1
108,8055,5
108,8021,5
109,8112,1
109,8008,6
109,8149,3
110,8136,6
110,8012,1
110,8003,5
111,8115,10
111,8014,6
112,8079,7
112,8141,5
113,8041,3
114,8114,3
115,8084,8
115,8069,4
116,8091,6
117,8115,4
117,8021,10
118,8073,4
118,8051,9
118,8022,10
118,8136,10
118,8077,5
119,8028,7
119,8039,2
119,8086,4
119,8018,7
119,8056,10
119,8011,9
119,8014,5
119,8034,2
119,8028,8
120,8108,1
120,8059,5
120,8054,7
120,8127,2
120,8015,5
120,8031,2
120,8124,3
120,8003,5
120,8106,7
120,8122,4
120,8072,8
120,8006,9
120,8049,9
120,8134,3
121,8138,8
121,8143,5
121,8131,4
121,8090,2
122,8137,4
122,8123,9
123,8014,8
124,8030,1
125,8079,3
125,8096,2
125,8081,1
125,8001,10
125,8102,10
125,8060,3
125,8141,1
126,8002,4
127,8125,9
127,8137,2
128,8048,2
129,8025,2
130,8052,9
130,8084,6
130,8110,4
130,8007,4
130,8029,6
130,8074,3
131,8078,7
131,8046,3
131,8132,3
132,8117,4
132,8010,7
133,8118,4
133,8033,1
133,8086,3
133,8012,1
134,8041,1
135,8025,1
136,8100,10
136,8092,8
136,8109,1
136,8077,6
137,8003,7
138,8078,4
139,8020,5
140,8020,1
141,8103,7
141,8034,7
141,8128,3
141,8041,9
141,8136,8
142,8120,6
142,8016,8
143,8112,7
144,8032,10
144,8005,7
144,8068,10
144,8051,4
144,8132,7
144,8048,4
144,8004,3
144,8043,6
145,8012,2
145,8080,6
145,8121,4
145,8121,9
146,8011,8
147,8046,4
148,8110,9
148,8038,1
148,8139,6
148,8046,1
148,8149,10
148,8114,5
148,8143,7
148,8013,2
148,8138,8
148,8134,7
148,8068,4
148,8096,1
148,8089,9
148,8024,3
149,8134,1
149,8057,6
150,8004,6
150,8121,10
150,8092,2
151,8134,7
151,8009,3
151,8002,5
151,8076,4
151,8030,2
151,8002,4
151,8020,5
151,8048,6
152,8109,3
152,8006,7
152,8093,1
152,8038,1
153,8115,2
153,8057,2
153,8071,2
153,8003,4
154,8085,4
155,8082,6
156,8001,5
157,8148,6
157,8122,5
158,8118,9
158,8088,4
159,8051,5
159,8092,1
159,8067,3
159,8042,5
159,8037,4
159,8068,3
160,8112,10
160,8122,3
161,8051,2
162,8009,5
162,8013,2
162,8135,5
163,8066,7
163,8049,10
164,8010,5
164,8149,2
165,8120,6
165,8020,5
165,8039,4
166,8119,1
167,8117,8
167,8147,8
167,8053,6
167,8025,6
167,8068,3
167,8089,9
167,8071,7
168,8025,9
168,8137,3
168,8042,8
169,8043,7
169,8016,8
169,8070,7
169,8102,8
169,8024,4
169,8119,4
169,8113,3
169,8015,6
170,8037,1
171,8083,10
171,8130,3
172,8120,9
172,8020,4
172,8011,1
172,8138,8
173,8056,10
174,8080,4
174,8094,8
175,8049,8
176,8008,8
176,8009,6
176,8056,4
176,8008,7
176,8002,7
176,8088,6
176,8027,9
176,8003,10
176,8054,4
176,8098,10
176,8032,7
177,8020,5
178,8046,7
179,8007,5
180,8081,9
180,8125,6
180,8060,1
180,8063,6
180,8021,8
181,8010,5
182,8125,5
183,8057,8
183,8047,8
183,8016,8
183,8006,10
183,8054,10
184,8141,10
184,8122,8
185,8102,6
186,8071,8
186,8073,3
186,8133,9
187,8037,1
187,8015,4
188,8048,10
189,8132,6
189,8089,7
190,8032,1
190,8017,1
191,8035,3
191,8028,8
191,8104,5
191,8028,3
191,8002,6
191,8041,8
192,8107,4
192,8059,2
192,8139,9
192,8046,4
192,8125,6
192,8130,1
192,8125,7
192,8016,3
192,8120,7
192,8094,2
192,8029,8
192,8022,5
192,8089,9
192,8042,5
192,8046,9
193,8143,4
194,8019,6
194,8111,4
194,8078,3
194,8062,2
195,8007,1
195,8110,2
195,8034,7
196,8137,9
196,8090,7
196,8102,2
197,8103,1
197,8128,4
198,8111,6
199,8029,4
200,8013,5
201,8067,9
201,8023,5
201,8032,2
201,8009,2
202,8074,8
203,8139,6
204,8116,4
204,8055,5
204,8004,10
204,8036,6
204,8032,7
204,8131,1
204,8107,6
204,8109,2
205,8053,7
205,8062,8
205,8077,8
205,8041,3
205,8023,9
205,8143,10
205,8101,5
206,8113,3
207,8071,4
207,8033,7
208,8138,7
208,8114,10
208,8142,10
208,8010,6
209,8009,8
209,8065,1
210,8090,9
210,8010,1
210,8126,5
210,8015,6
210,8033,7
210,8089,3
210,8142,2
211,8030,8
211,8144,10
211,8128,5
211,8031,8
212,8110,10
212,8116,6
212,8062,3
213,8036,10
214,8090,8
214,8040,6
214,8030,6
215,8009,1
216,8051,1
217,8135,8
217,8117,2
218,8013,2
218,8021,2
218,8024,1
218,8090,4
218,8112,4
219,8030,9
220,8110,6
220,8056,6
221,8029,5
222,8092,4
223,8136,8
223,8051,8
223,8095,7
224,8125,6
224,8039,7
224,8057,10
225,8130,9
225,8041,6
226,8071,6
226,8126,8
226,8042,8
226,8072,6
226,8109,5
227,8084,2
227,8055,6
227,8017,9
227,8015,9
228,8016,3
229,8079,8
229,8025,1
230,8017,8
230,8051,10
230,8149,4
231,8130,7
232,8063,4
232,8091,10
232,8046,5
233,8122,10
234,8023,6
235,8133,7
235,8065,9
236,8122,8
237,8032,8
237,8002,8
237,8075,9
237,8118,10
237,8067,1
238,8147,9
238,8057,6
238,8063,4
238,8145,1
238,8120,6
238,8131,4
239,8062,7
239,8000,3
239,8061,8
239,8024,7
240,8071,3
240,8067,5
240,8000,5
240,8131,6
240,8039,3
240,8030,6
240,8104,6
240,8010,3
240,8004,10
240,8013,4
240,8092,6
240,8112,2
241,8081,3
241,8073,3
241,8115,4
241,8049,4
241,8126,1
242,8105,3
242,8133,2
242,8141,7
242,8049,3
243,8051,7
243,8035,2
244,8136,3
244,8086,5
245,8126,7
246,8079,9
246,8000,6
246,8078,8
247,8047,2
247,8140,5
247,8106,5
247,8116,8
247,8002,10
248,8117,9
248,8089,7
249,8013,7
249,8138,9
250,8049,7
251,8055,7
251,8110,4
252,8074,10
252,8091,3
253,8044,6
254,8065,1
254,8118,3
254,8105,3
254,8063,3
254,8016,7
254,8078,5
255,8051,5
255,8051,4
255,8077,7
255,8030,7
255,8025,7
255,8042,4
256,8125,4
256,8033,9
257,8111,2
258,8139,6
259,8063,3
259,8119,1
259,8049,1
260,8118,5
261,8114,2
261,8123,1
261,8136,6
261,8094,3
262,8070,7
262,8031,6
263,8020,10
263,8050,7
264,8053,5
264,8001,6
264,8124,6
264,8110,3
265,8127,5
266,8070,10
267,8025,1
267,8009,3
268,8122,9
269,8012,2
269,8050,9
269,8043,2
269,8019,9
269,8023,7
269,8065,8
269,8134,7
269,8099,1
269,8079,2
270,8081,8
271,8025,10
271,8005,10
272,8086,3
273,8049,8
273,8134,7
273,8073,10
273,8017,9
274,8013,3
274,8123,6
274,8063,5
274,8024,7
275,8133,4
275,8039,5
275,8074,8
276,8074,6
277,8133,2
277,8010,7
278,8077,3
278,8008,3
278,8044,10
278,8093,9
278,8116,3
278,8026,4
278,8055,9
278,8021,8
278,8111,2
278,8061,8
278,8092,9
279,8140,9
280,8030,6
280,8082,7
280,8129,9
280,8102,1
281,8104,7
282,8018,3
283,8007,3
284,8048,3
284,8128,1
285,8010,1
285,8058,10
285,8076,4
286,8134,4
286,8011,6
286,8035,2
287,8027,8
287,8139,6
287,8070,6
287,8012,1
288,8068,4
288,8047,5
289,8097,7
290,8023,7
290,8067,7
291,8142,5
292,8141,1
292,8140,10
292,8066,9
292,8041,3
293,8072,10
293,8055,2
293,8033,1
294,8045,4
295,8129,10
296,8113,1
296,8122,1
297,8091,9
298,8006,8
299,8007,10
299,8039,4
299,8008,10
300,8067,10
300,8036,3
300,8051,8
300,8007,5
300,8142,1
300,8134,3
300,8007,8
301,8093,5
301,8129,4
301,8082,4
301,8048,5
301,8058,10
302,8020,3
302,8100,6
302,8042,5
303,8025,1
303,8021,9
303,8102,7
303,8024,5
303,8077,1
304,8043,6
305,8144,2
306,8096,5
306,8034,1
307,8022,9
307,8019,2
307,8067,9
307,8036,8
307,8124,9
308,8063,2
309,8129,6
309,8025,6
309,8052,4
309,8124,3
310,8005,10
311,8011,1
311,8109,10
312,8071,9
313,8060,1
313,8009,6
313,8139,1
313,8021,4
313,8134,4
314,8114,8
314,8129,1
314,8079,2
315,8075,9
316,8007,3
316,8059,1
316,8073,1
316,8061,7
316,8111,1
316,8012,10
316,8056,1
316,8076,7
317,8035,8
318,8146,5
318,8118,2
319,8005,5
319,8039,7
319,8020,6
319,8045,2
320,8028,3
320,8028,3
320,8060,2
320,8088,10
321,8021,8
321,8119,7
322,8060,9
322,8113,4
322,8066,9
322,8026,4
323,8077,9
323,8004,5
323,8123,9
323,8003,4
324,8110,4
325,8045,2
325,8111,9
326,8002,3
327,8142,6
327,8076,9
328,8060,3
329,8131,5
329,8121,2
329,8047,3
329,8106,5
329,8051,7
330,8059,1
330,8016,7
330,8133,3
330,8128,7
330,8021,6
330,8121,9
330,8144,7
330,8076,9
330,8077,10
331,8118,8
332,8090,6
332,8034,4
333,8114,10
333,8133,2
333,8131,2
333,8127,10
334,8074,8
335,8084,2
335,8080,1
335,8137,9
335,8083,5
335,8008,10
335,8101,9
335,8013,7
335,8126,6
336,8029,9
336,8136,1
336,8024,2
337,8022,9
338,8015,10
338,8088,3
338,8055,3
338,8052,5
339,8141,5
339,8056,8
339,8078,10
339,8056,2
339,8006,3
339,8084,1
339,8097,9
339,8127,6
339,8001,10
340,8012,5
340,8115,4
340,8145,4
340,8115,4
340,8062,9
340,8024,1
341,8065,10
342,8039,7
343,8053,5
344,8043,10
344,8033,1
345,8074,9
345,8106,3
345,8096,1
345,8115,6
346,8060,8
346,8014,10
346,8043,7
346,8101,8
347,8131,8
347,8109,2
348,8031,8
348,8025,7
349,8030,1
350,8031,3
351,8144,10
351,8102,1
351,8074,9
352,8095,8
352,8102,6
353,8144,1
353,8083,5
353,8070,1
354,8127,4
354,8016,3
354,8016,4
355,8020,6
355,8137,8
356,8069,6
356,8044,6
356,8103,5
356,8076,2
356,8015,4
357,8110,2
357,8015,9
357,8132,2
357,8093,9
357,8107,7
357,8006,1
357,8082,10
357,8081,2
358,8130,4
358,8119,7
358,8116,1
358,8000,4
358,8129,2
358,8040,9
358,8121,10
358,8087,8
358,8129,7
359,8052,6
360,8079,2
360,8092,5
360,8079,6
360,8124,10
360,8077,2
360,8145,1
361,8002,10
362,8147,5
363,8062,2
363,8129,4
363,8066,4
364,8129,8
365,8076,2
365,8107,5
365,8134,9
366,8039,2
367,8144,8
367,8007,8
367,8027,4
368,8010,1
368,8142,6
368,8076,2
368,8096,6
368,8032,10
368,8103,7
369,8089,3
370,8006,4
370,8115,8
370,8045,9
371,8144,8
371,8067,8
371,8098,7
371,8006,6
371,8007,10
372,8010,3
372,8070,10
372,8121,3
373,8032,10
374,8071,3
374,8142,3
375,8090,2
375,8046,9
375,8048,6
375,8058,8
375,8047,4
375,8140,2
376,8052,8
376,8002,1
377,8019,3
378,8147,1
379,8107,5
380,8072,3
381,8106,1
382,8033,6
382,8038,10
383,8087,8
383,8070,3
384,8038,8
384,8125,8
385,8110,2
385,8021,7
385,8108,1
385,8049,9
386,8016,6
386,8001,7
387,8099,5
388,8056,7
389,8102,1
389,8040,8
390,8041,10
390,8083,8
390,8055,3
391,8025,10
391,8127,3
392,8007,8
392,8065,1
392,8007,6
392,8017,9
392,8059,3
392,8084,4
392,8023,9
392,8148,2
393,8039,2
393,8089,8
394,8022,2
394,8012,2
394,8043,2
394,8109,6
395,8131,6
396,8103,5
396,8118,7
397,8145,4
398,8144,4
399,8094,3
399,8065,9
399,8060,7
400,8131,9
401,8053,7
401,8080,5
401,8032,4
401,8109,4
402,8129,7
403,8066,6
403,8003,1
403,8029,4
403,8114,10
403,8068,8
403,8080,5
403,8124,6
403,8061,10
403,8076,2
403,8079,5
404,8058,10
405,8089,7
405,8149,7
405,8078,9
405,8112,9
405,8064,7
406,8070,7
406,8124,8
406,8021,2
406,8146,9
406,8020,10
407,8037,9
407,8096,3
408,8046,6
409,8135,8
409,8126,1
409,8130,1
410,8137,3
410,8049,6
410,8135,6
410,8006,3
410,8122,3
410,8020,2
411,8119,10
412,8009,3
413,8129,10
413,8030,1
414,8082,8
414,8135,8
414,8131,3
414,8107,2
414,8129,7
414,8041,1
415,8085,3
415,8140,10
415,8092,7
416,8030,8
416,8010,7
417,8118,5
418,8061,9
418,8048,10
418,8031,10
418,8128,5
418,8029,3
419,8086,2
420,8070,9
420,8047,5
420,8087,5
420,8146,4
420,8140,10
420,8007,2
420,8105,1
421,8063,7
421,8082,10
421,8093,3
421,8024,10
421,8107,10
421,8005,9
422,8096,6
423,8028,4
423,8118,5
424,8105,3
424,8008,6
424,8030,1
425,8142,5
425,8074,7
425,8041,7
425,8137,7
425,8093,9
425,8107,9
426,8052,6
426,8080,8
426,8070,9
426,8055,3
426,8014,6
426,8000,10
426,8090,2
426,8127,8
426,8056,3
426,8030,3
426,8025,5
426,8069,3
427,8076,10
428,8052,1
429,8086,8
429,8137,3
429,8038,9
429,8046,8
430,8072,3
430,8021,9
430,8107,9
430,8017,1
431,8032,10
431,8110,10
431,8015,9
431,8028,1
431,8063,6
431,8033,1
431,8016,3
432,8080,9
432,8142,1
432,8014,1
432,8109,2
432,8111,2
432,8015,1
432,8116,10
432,8089,6
432,8147,6
433,8134,2
433,8031,3
434,8069,5
435,8008,9
435,8120,7
435,8024,10
436,8031,2
437,8128,5
438,8043,2
439,8132,1
440,8148,5
440,8044,1
441,8135,4
442,8132,2
443,8003,3
443,8047,8
443,8059,7
444,8040,2
445,8100,5
445,8059,4
446,8019,10
447,8074,2
448,8059,1
448,8007,10
449,8134,6
449,8120,9
450,8051,7
450,8043,4
451,8095,5
451,8079,3
451,8136,10
451,8088,7
451,8046,2
451,8067,2
451,8046,7
451,8122,6
451,8097,3
451,8104,6
451,8084,5
451,8054,9
452,8045,9
453,8068,3
453,8136,10
453,8110,10
453,8142,10
453,8108,2
453,8092,10
453,8036,7
453,8073,3
453,8147,5
454,8105,9
454,8097,5
454,8014,4
454,8120,9
455,8064,6
455,8116,2
455,8102,7
455,8040,6
456,8065,5
456,8099,6
456,8109,10
457,8086,8
457,8042,1
457,8123,10
458,8070,7
458,8127,7
458,8086,7
458,8024,5
458,8043,1
458,8054,2
459,8127,3
459,8121,10
459,8143,4
459,8056,2
459,8014,9
459,8111,7
459,8054,10
459,8061,2
459,8099,9
460,8023,7
461,8068,4
461,8097,7
462,8046,3
462,8087,4
462,8067,2
462,8049,7
463,8045,4
463,8100,9
463,8030,10
463,8041,1
463,8091,3
463,8103,9
464,8062,10
465,8035,5
466,8024,2
466,8041,10
466,8009,10
466,8054,9
467,8131,5
468,8127,9
468,8045,10
468,8074,10
469,8131,4
470,8112,6
470,8120,4
470,8086,4
470,8099,7
470,8091,3
470,8070,4
470,8058,4
470,8011,5
470,8060,9
470,8000,3
470,8020,4
471,8049,10
471,8019,3
471,8071,5
471,8065,10
471,8007,1
471,8087,2
471,8124,3
472,8100,2
472,8068,7
472,8130,6
473,8092,6
473,8048,9
473,8019,8
473,8110,3
473,8083,6
474,8005,9
474,8005,6
474,8015,7
474,8095,9
475,8021,7
475,8011,9
476,8005,5
477,8004,5
478,8096,2
478,8038,8
478,8073,4
479,8075,2
479,8136,6
479,8009,1
479,8069,3
479,8112,5
479,8027,8
480,8012,2
480,8001,3
480,8126,5
481,8015,6
482,8071,4
483,8009,8
483,8094,3
483,8133,10
483,8109,10
483,8037,1
483,8019,10
483,8120,7
483,8005,9
483,8111,4
483,8032,7
484,8089,5
485,8007,6
485,8103,8
485,8059,6
485,8082,3
485,8117,2
486,8018,2
486,8093,3
486,8083,10
487,8092,7
488,8105,7
489,8046,4
489,8095,8
490,8091,2
491,8108,3
492,8077,9
492,8023,5
492,8012,10
492,8042,1
492,8106,10
492,8015,5
493,8116,6
493,8058,10
493,8026,1
493,8105,2
494,8015,3
494,8138,10
494,8146,10
494,8045,6
495,8031,1
495,8047,3
495,8073,4
495,8032,1
495,8055,7
496,8118,9
496,8064,10
496,8088,1
496,8043,10
496,8139,3
496,8085,7
496,8104,1
497,8066,9
497,8031,6
497,8126,10
497,8053,3
497,8082,6
498,8067,8
498,8025,4
498,8128,9
498,8087,10
498,8129,2
499,8087,1
500,8077,7
500,8070,1
500,8043,10
501,8123,10
502,8068,2
503,8131,9
504,8130,8
504,8046,4
504,8004,10
504,8141,10
504,8116,8
504,8040,1
504,8090,5
504,8027,7
504,8130,2
504,8125,6
504,8119,6
505,8116,8
506,8054,1
506,8001,2
507,8073,3
508,8137,9
508,8074,4
509,8118,10
509,8039,5
510,8120,2
511,8138,9
511,8011,7
511,8058,9
511,8005,1
511,8119,8
511,8074,8
511,8053,5
511,8052,9
511,8136,3
511,8041,9
511,8067,6
511,8101,9
512,8054,2
513,8083,7
513,8047,10
514,8042,9
514,8108,7
515,8098,3
515,8117,4
515,8002,3
515,8116,6
516,8112,9
517,8127,8
517,8147,10
518,8000,6
518,8094,1
519,8020,8
519,8092,4
519,8048,2
519,8142,4
519,8002,10
519,8074,9
520,8126,4
520,8060,7
520,8072,4
520,8080,7
520,8059,10
520,8025,1
521,8040,5
521,8124,3
521,8104,2
522,8138,5
523,8021,3
523,8077,9
523,8059,2
523,8014,8
524,8039,1
524,8048,7
524,8022,1
524,8075,4
525,8088,6
526,8022,7
526,8112,5
526,8049,3
526,8066,10
527,8065,10
527,8071,8
527,8028,1
528,8031,10
528,8134,1
529,8018,6
530,8047,1
531,8019,10
532,8035,5
532,8097,10
532,8000,10
532,8055,7
533,8074,8
533,8044,8
533,8027,8
533,8111,4
533,8120,4
533,8090,5
533,8122,4
534,8029,5
535,8098,1
536,8001,3
537,8010,5
537,8080,8
537,8077,8
537,8142,5
537,8061,3
538,8040,8
538,8109,2
538,8091,9
539,8111,1
539,8080,8
539,8006,2
539,8049,9
540,8045,8
540,8071,3
541,8136,2
541,8018,7
541,8026,9
541,8061,3
541,8055,3
541,8000,2
541,8012,6
541,8057,4
541,8123,5
542,8073,7
542,8069,3
543,8055,9
543,8078,7
543,8132,6
544,8052,8
544,8064,6
544,8127,3
544,8109,2
544,8107,9
544,8047,5
544,8002,5
544,8111,7
544,8043,5
545,8048,4
545,8054,2
545,8015,4
545,8000,10
545,8066,6
546,8146,4
546,8103,10
546,8062,10
546,8102,2
547,8095,4
548,8020,10
549,8146,10
549,8014,3
549,8018,7
550,8075,1
550,8006,6
550,8085,10
550,8073,2
550,8110,6
551,8091,7
551,8111,6
551,8075,6
552,8138,3
552,8144,6
553,8077,9
553,8087,7
554,8039,10
554,8043,9
555,8125,9
556,8038,2
556,8053,10
556,8009,10
556,8023,9
557,8107,6
558,8129,2
558,8018,4
558,8143,6
559,8048,4
560,8121,5
560,8023,1
561,8135,6
561,8110,10
562,8057,3
562,8005,3
562,8063,4
563,8073,6
564,8149,4
565,8070,1
566,8009,2
566,8122,1
567,8083,3
567,8032,10
568,8057,2
568,8120,5
569,8015,3
569,8110,9
570,8104,1
571,8084,3
571,8011,7
572,8109,3
572,8075,4
572,8133,4
572,8125,8
573,8139,5
573,8001,6
573,8042,1
574,8059,2
575,8116,9
575,8114,2
575,8000,4
576,8106,4
576,8105,4
576,8010,2
577,8122,1
578,8035,7
578,8005,7
578,8137,3
578,8063,9
579,8026,7
579,8035,4
579,8006,7
579,8111,7
580,8058,9
580,8109,9
581,8080,10
582,8123,1
583,8020,4
583,8107,1
584,8045,4
584,8054,7
584,8039,3
584,8089,6
585,8117,7
585,8149,5
586,8149,3
587,8051,1
588,8028,4
589,8041,8
590,8039,6
590,8066,4
590,8130,8
590,8070,1
590,8080,7
591,8033,4
592,8107,1
593,8000,2
593,8009,8
593,8059,9
594,8009,4
595,8043,3
595,8120,3
596,8140,5
596,8084,3
597,8103,9
597,8027,8
597,8047,5
597,8000,6
597,8074,10
597,8008,2
597,8052,3
597,8089,4
597,8062,2
597,8090,9
597,8080,2
598,8110,5
598,8052,7
598,8122,10
598,8119,8
598,8072,4
599,8140,1
599,8123,4
599,8057,4
599,8124,1
599,8029,10
600,8144,3
600,8037,2
601,8026,4
601,8089,3
602,8072,2
602,8054,9
602,8001,2
602,8029,4
603,8023,6
603,8080,3
603,8003,5
603,8066,4
603,8113,2
603,8145,9
603,8023,4
603,8020,2
604,8070,9
604,8008,10
605,8128,10
605,8098,8
605,8053,8
605,8115,7
605,8080,1
605,8131,3
606,8090,8
607,8115,5
607,8127,3
608,8090,9
608,8014,7
608,8015,2
609,8010,6
609,8116,6
610,8115,5
610,8011,1
611,8117,9
612,8022,7
612,8076,8
612,8102,8
612,8143,6
613,8081,3
614,8085,9
615,8001,4
616,8017,2
616,8058,7
616,8046,3
617,8147,7
618,8113,3
618,8053,4
619,8078,9
619,8016,5
619,8138,3
619,8145,8
619,8058,7
619,8049,5
619,8040,6
620,8055,5
621,8139,7
622,8027,8
622,8091,4
623,8066,3
624,8015,5
624,8090,5
624,8147,1
624,8112,6
624,8060,6
624,8038,6
625,8020,7
625,8094,10
625,8094,9
625,8085,5
626,8141,4
627,8095,8
627,8148,6
628,8068,7
629,8121,7
630,8031,7
631,8075,2
631,8136,5
631,8102,7
632,8070,5
633,8103,5
634,8147,5
634,8060,3
634,8078,6
634,8077,10
634,8101,4
634,8104,10
634,8128,6
634,8015,10
635,8029,5
635,8125,6
635,8144,5
636,8007,9
637,8062,6
637,8096,2
637,8123,10
637,8073,8
638,8070,8
638,8025,5
638,8015,8
638,8022,2
638,8144,5
639,8128,8
640,8042,7
640,8024,2
641,8017,3
641,8029,1
642,8008,5
642,8016,1
642,8104,10
643,8009,9
643,8079,4
644,8125,10
644,8079,5
644,8008,5
645,8122,2
645,8127,1
645,8144,10
645,8035,7
646,8113,9
647,8126,5
647,8073,7
647,8129,6
647,8138,1
647,8103,5
648,8079,8
649,8028,8
649,8010,9
650,8080,4
651,8016,4
652,8071,8
652,8105,9
653,8099,9
653,8091,5
653,8136,8
654,8063,2
654,8082,8
654,8111,9
654,8093,7
654,8142,7
654,8077,9
654,8122,8
654,8084,5
654,8039,7
654,8144,6
654,8002,5
655,8061,9
655,8096,6
656,8015,10
656,8120,2
656,8071,9
656,8120,7
656,8013,10
656,8113,4
657,8033,10
657,8132,2
657,8054,4
658,8142,8
658,8140,9
658,8004,2
658,8094,4
658,8085,2
658,8131,6
659,8008,8
660,8011,7
660,8060,1
660,8006,4
660,8061,4
660,8111,10
660,8094,9
660,8078,6
660,8002,3
660,8085,7
660,8064,6
660,8005,3
661,8008,10
662,8004,10
662,8000,7
663,8038,1
664,8063,7
665,8014,8
665,8052,4
665,8017,10
666,8020,10
666,8065,5
666,8067,2
666,8063,5
666,8015,7
667,8013,8
667,8106,3
668,8127,2
669,8092,10
669,8022,9
669,8024,7
669,8105,10
669,8124,1
669,8064,7
669,8041,2
670,8047,3
671,8048,3
672,8019,1
673,8065,7
673,8102,8
673,8049,1
674,8021,8
674,8084,5
674,8074,9
674,8042,8
674,8023,10
674,8046,9
675,8072,2
675,8095,6
675,8029,8
675,8131,3
675,8035,10
675,8128,3
675,8112,3
676,8114,5
676,8053,10
676,8126,3
676,8091,1
677,8072,3
677,8140,3
677,8053,7
678,8047,7
679,8132,8
679,8026,4
679,8139,3
679,8010,8
679,8080,7
680,8046,4
680,8121,9
681,8112,2
681,8004,7
682,8036,7
682,8057,1
682,8120,5
682,8090,6
682,8125,9
683,8137,10
684,8132,9
685,8071,8
685,8065,2
685,8074,9
685,8005,6
685,8077,9
685,8043,3
686,8008,9
686,8005,7
686,8086,10
687,8061,1
687,8050,10
688,8141,1
688,8021,7
689,8061,1
690,8014,9
690,8049,2
690,8040,7
691,8137,5
691,8131,2
692,8057,4
693,8125,3
694,8111,2
694,8010,5
694,8107,10
695,8137,4
695,8078,2
695,8068,3
695,8041,1
695,8006,4
696,8111,7
696,8056,8
696,8082,4
696,8037,3
696,8057,8
696,8051,1
696,8076,7
696,8122,2
696,8126,2
697,8121,3
698,8120,10
698,8074,6
698,8103,9
698,8081,1
699,8144,5
699,8118,1
699,8146,8
699,8123,3
699,8083,7
699,8147,8
699,8035,6
699,8017,9
699,8029,2
699,8004,6
699,8041,5
700,8135,5
700,8006,2
701,8130,6
702,8146,3
702,8004,2
703,8122,3
704,8029,4
705,8032,8
705,8059,7
706,8049,4
707,8138,7
707,8008,2
707,8079,4
707,8064,5
708,8008,7
709,8073,9
709,8073,9
709,8131,5
710,8000,10
710,8064,7
711,8014,2
712,8146,8
712,8010,3
713,8143,7
713,8106,6
713,8050,3
714,8127,3
714,8008,1
714,8128,3
714,8029,4
714,8013,7
714,8076,10
714,8099,9
715,8080,3
715,8094,2
715,8114,8
715,8092,1
715,8066,5
716,8009,5
716,8050,6
717,8123,2
717,8021,3
717,8007,5
717,8027,3
717,8117,6
718,8120,1
718,8099,2
718,8007,2
719,8034,9
719,8054,10
720,8090,6
720,8056,10
720,8111,7
720,8124,4
720,8024,8
720,8054,8
720,8062,9
720,8094,6
720,8130,2
720,8038,5
720,8023,6
721,8061,10
721,8114,10
721,8061,5
721,8061,9
721,8121,2
721,8100,7
721,8050,3
722,8051,8
722,8118,8
723,8136,4
724,8019,6
724,8027,1
724,8125,4
724,8061,7
725,8025,7
725,8059,5
726,8070,5
726,8037,2
726,8078,5
727,8112,3
728,8093,2
728,8146,10
729,8030,1
730,8037,9
730,8109,1
730,8060,9
731,8115,8
732,8080,5
732,8138,2
732,8048,3
732,8065,9
732,8054,5
733,8120,9
733,8104,9
733,8061,5
733,8109,5
733,8122,4
734,8112,9
735,8136,8
736,8009,3
736,8125,2
737,8083,5
738,8023,4
738,8117,1
739,8011,9
739,8077,6
739,8090,2
739,8089,6
740,8029,10
741,8147,7
741,8055,7
741,8029,3
741,8116,4
741,8037,2
741,8143,10
741,8027,5
741,8041,3
741,8039,6
741,8041,8
742,8042,1
743,8068,6
743,8098,3
743,8091,6
744,8003,6
744,8005,10
744,8058,7
744,8136,6
744,8063,6
744,8097,1
744,8070,4
744,8080,6
745,8057,7
746,8053,8
746,8102,9
747,8094,10
747,8087,4
747,8008,7
747,8100,9
747,8027,3
747,8045,9
747,8047,6
747,8071,2
748,8142,1
748,8032,6
749,8095,2
749,8039,10
749,8104,6
749,8014,7
749,8056,5
749,8093,1
749,8134,8
749,8075,10
749,8015,4
749,8139,5
749,8038,5
750,8003,8
750,8104,9
750,8031,9
751,8048,9
752,8089,7
752,8042,10
753,8051,8
754,8051,1
754,8102,8
754,8023,4
754,8148,10
755,8003,6
755,8134,8
755,8118,2
755,8037,5
756,8033,10
756,8005,3
756,8017,6
756,8076,10
756,8071,4
756,8083,1
757,8135,5
757,8120,5
757,8079,1
757,8040,9
758,8070,10
758,8107,3
758,8063,7
758,8106,5
758,8007,5
758,8110,5
759,8024,8
760,8115,10
760,8140,4
761,8130,7
761,8006,9
762,8034,5
762,8134,8
763,8098,10
764,8094,9
764,8021,1
764,8136,6
764,8132,4
765,8066,5
765,8027,6
766,8068,8
767,8032,4
768,8085,3
768,8025,4
768,8144,2
768,8100,10
768,8135,2
768,8025,2
768,8053,5
769,8080,7
769,8018,1
769,8120,2
769,8118,5
770,8127,6
770,8071,7
770,8068,2
770,8068,4
770,8008,3
770,8070,8
770,8020,10
771,8142,1
771,8025,3
772,8053,2
772,8002,4
773,8071,6
774,8138,5
775,8029,1
775,8048,10
776,8052,4
776,8073,4
776,8139,6
776,8109,7
777,8068,7
777,8066,3
777,8119,7
777,8025,10
777,8129,9
777,8037,3
777,8002,10
778,8071,8
778,8050,10
779,8144,8
779,8142,6
779,8016,1
779,8008,4
779,8037,2
779,8096,1
779,8047,1
779,8145,8
779,8098,7
780,8136,8
780,8108,6
780,8062,4
780,8148,8
780,8025,1
780,8119,10
780,8052,6
780,8090,7
781,8138,10
781,8143,5
782,8079,6
782,8095,4
782,8032,8
783,8069,5
784,8111,9
784,8146,5
784,8048,7
784,8069,5
784,8036,3
784,8073,1
784,8033,9
785,8105,1
785,8020,7
785,8028,4
785,8019,1
785,8025,6
786,8071,7
786,8040,9
787,8084,9
787,8107,4
787,8046,4
787,8103,8
787,8080,2
788,8082,7
788,8021,4
788,8106,8
788,8108,5
788,8048,10
789,8031,9
790,8068,2
790,8004,6
790,8054,9
790,8024,2
790,8148,2
791,8145,6
792,8027,6
792,8109,4
792,8048,4
792,8045,8
792,8123,9
792,8097,4
792,8027,10
793,8088,3
794,8040,6
794,8013,8
795,8093,9
796,8046,6
796,8081,6
797,8141,4
797,8129,1
797,8005,4
797,8091,9
798,8142,1
799,8079,4
799,8050,7
799,8025,7
800,8055,7
800,8007,3
801,8043,8
801,8041,1
802,8129,2
802,8121,5
802,8088,1
802,8077,1
802,8109,9
803,8021,2
803,8004,6
803,8060,1
803,8049,1
803,8103,5
804,8028,10
805,8147,4
805,8040,10
805,8004,2
805,8077,8
806,8074,7
807,8071,2
807,8097,3
807,8057,8
807,8014,6
808,8095,10
808,8057,3
809,8013,10
809,8079,10
810,8143,3
810,8003,7
811,8036,7
812,8136,3
812,8093,9
812,8108,9
812,8004,10
813,8088,7
813,8114,1
814,8144,4
815,8001,8
816,8067,7
817,8030,2
817,8137,10
818,8131,10
819,8057,1
820,8110,5
821,8068,9
822,8013,7
823,8103,9
823,8148,10
824,8141,1
825,8137,4
825,8116,7
825,8088,4
825,8105,1
825,8095,6
825,8016,8
825,8148,9
825,8015,10
826,8030,10
826,8131,5
826,8043,6
826,8082,8
826,8071,9
826,8128,5
827,8083,2
827,8135,6
827,8078,2
827,8118,4
827,8030,9
828,8080,8
828,8009,10
829,8137,8
829,8032,6
829,8058,4
830,8055,2
831,8040,1
831,8025,8
831,8147,5
832,8002,5
832,8144,8
832,8096,3
832,8128,6
833,8086,10
834,8065,3
834,8092,2
834,8117,7
834,8070,7
834,8101,4
835,8023,2
836,8141,3
836,8074,8
837,8008,1
838,8138,8
839,8069,4
840,8132,9
841,8076,5
842,8075,7
842,8128,4
842,8103,7
842,8021,10
842,8073,5
843,8125,7
844,8014,10
845,8009,9
845,8047,5
845,8076,8
846,8033,6
846,8059,1
846,8110,8
846,8055,8
846,8085,5
846,8118,1
847,8082,5
847,8091,4
848,8135,8
848,8063,3
848,8118,9
849,8068,9
849,8103,2
850,8148,9
851,8107,7
852,8012,6
853,8053,2
853,8037,10
853,8018,8
853,8097,3
854,8072,2
854,8094,1
854,8117,3
854,8125,5
854,8020,9
854,8066,10
854,8118,5
854,8068,7
854,8065,4
855,8021,9
856,8073,1
856,8125,10
856,8108,3
856,8130,2
856,8002,1
856,8066,9
857,8119,8
857,8020,8
857,8074,8
857,8146,1
857,8061,10
857,8083,1
858,8024,10
859,8095,3
859,8052,10
859,8054,2
860,8008,5
860,8027,10
860,8145,6
861,8005,6
861,8051,10
862,8024,8
863,8014,7
863,8014,9
863,8038,9
864,8020,2
864,8112,7
865,8045,3
865,8099,8
865,8067,2
866,8102,9
866,8098,2
866,8059,5
867,8011,9
868,8065,8
869,8012,2
869,8017,3
869,8009,10
870,8107,3
870,8051,2
870,8064,2
870,8080,1
871,8002,1
872,8003,7
873,8017,2
873,8107,6
873,8124,7
874,8129,5
875,8011,4
876,8066,5
877,8013,9
878,8098,5
878,8020,9
878,8073,2
878,8085,2
879,8080,8
879,8146,7
879,8049,6
879,8120,7
879,8130,3
879,8093,9
880,8122,3
880,8064,6
880,8031,4
880,8132,10
880,8079,9
881,8089,6
882,8038,5
883,8070,1
883,8005,9
883,8133,7
883,8102,7
883,8126,6
883,8100,10
884,8091,9
884,8071,2
885,8050,3
886,8146,1
886,8109,3
887,8101,9
888,8056,5
888,8020,3
888,8002,5
889,8064,9
889,8076,8
889,8104,5
889,8057,6
890,8049,4
890,8059,8
891,8095,2
891,8103,3
891,8106,4
891,8004,9
891,8059,3
891,8127,6
891,8055,3
891,8067,9
892,8077,5
892,8056,9
893,8078,6
893,8052,5
893,8112,5
893,8063,1
893,8102,10
893,8083,8
893,8002,6
894,8048,9
894,8042,7
894,8023,4
894,8016,8
894,8033,10
895,8148,5
896,8129,1
896,8090,7
896,8039,9
896,8116,10
896,8106,8
896,8121,2
897,8046,5
897,8081,1
897,8132,4
897,8050,5
897,8143,6
897,8090,5
897,8011,3
897,8125,3
897,8051,1
897,8003,10
897,8094,3
897,8104,2
897,8109,3
898,8094,3
898,8096,7
898,8013,10
899,8036,6
900,8031,4
900,8047,8
900,8032,9
900,8020,1
900,8073,8
900,8144,5
900,8086,6
900,8095,8
900,8106,6
900,8135,4
901,8086,8
902,8083,8
903,8086,1
903,8054,1
903,8031,3
903,8089,2
903,8132,1
903,8029,2
903,8005,8
903,8043,5
904,8046,1
904,8019,8
905,8048,4
905,8007,5
905,8109,8
905,8101,9
906,8054,4
906,8072,2
906,8077,9
906,8067,3
906,8027,9
906,8061,1
906,8036,8
906,8132,8
907,8118,10
907,8144,5
907,8105,5
908,8138,5
908,8100,2
908,8011,8
908,8137,6
908,8134,3
908,8084,8
908,8125,4
908,8034,5
908,8028,2
908,8140,8
908,8064,3
908,8077,4
908,8035,3
909,8108,4
909,8118,5
909,8035,9
910,8032,5
910,8122,9
910,8031,2
910,8103,9
910,8031,6
910,8014,2
910,8112,8
911,8070,4
912,8142,8
913,8029,10
913,8053,5
913,8010,9
914,8127,1
914,8006,4
914,8010,2
915,8047,9
916,8138,10
916,8045,6
916,8108,8
917,8040,3
917,8119,4
917,8060,10
918,8107,9
918,8091,1
918,8035,5
919,8045,2
919,8094,10
919,8013,2
919,8138,9
920,8079,8
920,8135,4
921,8076,2
922,8055,5
922,8116,4
922,8019,5
922,8043,6
922,8078,4
923,8078,1
923,8033,1
923,8040,10
923,8130,2
923,8091,1
923,8030,5
923,8052,4
923,8077,3
923,8005,7
923,8123,7
923,8045,9
923,8075,2
923,8141,7
923,8138,3
923,8131,9
923,8018,4
924,8125,3
924,8065,7
924,8090,2
925,8086,10
925,8020,1
925,8065,9
925,8130,5
925,8079,1
926,8075,8
927,8042,5
927,8003,3
927,8024,3
927,8098,3
927,8035,6
927,8042,5
927,8101,1
928,8002,4
929,8048,1
930,8007,10
930,8031,10
930,8092,7
930,8029,1
931,8013,10
931,8000,4
931,8143,2
931,8103,5
932,8094,4
933,8106,5
933,8136,10
933,8128,9
933,8068,4
933,8042,10
933,8039,10
933,8033,8
933,8144,1
933,8020,2
934,8121,1
934,8087,8
934,8002,6
935,8033,1
935,8133,4
935,8039,4
935,8007,4
936,8118,8
936,8033,10
937,8134,1
937,8020,1
937,8117,6
937,8010,2
937,8086,2
937,8065,3
937,8040,6
937,8132,4
937,8143,8
937,8120,9
937,8032,10
937,8119,1
938,8005,2
938,8008,1
938,8004,2
939,8088,1
939,8031,7
940,8083,5
940,8004,5
941,8086,6
942,8146,5
942,8068,4
942,8070,6
942,8073,4
942,8112,3
942,8052,9
942,8076,10
942,8088,7
942,8010,9
942,8149,2
942,8009,6
943,8083,9
943,8046,3
944,8060,8
944,8052,1
944,8109,10
944,8040,2
944,8111,6
945,8000,7
946,8098,10
946,8003,9
947,8137,5
947,8095,9
947,8083,9
948,8140,7
948,8073,4
948,8102,2
949,8005,10
950,8003,1
951,8129,8
951,8102,1
951,8031,10
951,8039,4
952,8016,1
952,8131,1
952,8018,3
952,8014,10
952,8031,9
953,8141,3
953,8015,8
954,8056,2
954,8118,3
954,8001,2
954,8105,3
955,8001,4
955,8009,1
955,8146,10
956,8103,6
956,8082,8
957,8105,8
957,8098,1
957,8090,3
957,8034,6
958,8001,2
959,8069,6
959,8048,7
960,8076,3
961,8005,2
962,8026,3
962,8089,8
962,8127,7
962,8081,2
962,8140,3
962,8014,8
962,8076,6
963,8110,4
963,8037,9
963,8015,6
963,8018,5
964,8034,9
965,8058,2
965,8080,7
965,8024,10
965,8111,8
965,8007,7
965,8009,1
965,8113,3
965,8032,6
966,8140,10
967,8022,3
967,8072,6
967,8114,1
968,8087,3
968,8148,10
969,8051,1
969,8071,2
969,8122,4
969,8054,3
970,8046,9
970,8099,3
970,8043,1
970,8053,8
971,8097,6
971,8090,5
972,8114,9
973,8132,2
973,8039,7
973,8062,6
974,8049,4
975,8025,9
975,8126,9
975,8126,8
976,8115,8
976,8142,7
976,8058,3
976,8087,7
976,8015,7
976,8097,3
976,8069,7
976,8013,10
977,8142,6
977,8088,6
977,8114,1
977,8086,7
978,8059,1
978,8099,2
978,8121,6
978,8026,3
978,8122,5
978,8056,2
979,8053,5
979,8086,9
979,8097,7
980,8145,4
980,8016,8
980,8050,5
980,8082,8
981,8010,5
982,8040,8
982,8094,5
982,8065,9
983,8115,10
983,8143,1
984,8020,10
984,8047,9
984,8135,6
984,8109,6
985,8049,6
985,8036,6
985,8075,5
985,8143,10
985,8136,7
985,8149,6
985,8056,6
985,8125,9
986,8017,10
987,8061,4
987,8044,5
987,8130,6
988,8031,8
988,8059,7
988,8103,7
988,8102,9
988,8144,2
988,8059,8
989,8050,10
989,8103,3
989,8136,6
990,8106,6
991,8119,4
991,8036,1
991,8011,2
992,8101,10
992,8018,3
993,8143,1
993,8025,7
993,8110,2
994,8052,8
994,8050,1
994,8110,7
994,8048,2
994,8025,2
994,8061,1
994,8106,4
995,8004,8
995,8141,1
995,8009,4
996,8063,4
996,8093,8
996,8107,7
996,8083,6
997,8086,9
997,8015,2
997,8077,6
997,8016,2
998,8086,10
998,8076,8
998,8096,7
999,8145,6
999,8037,7
999,8143,9
999,8008,10
999,8061,10
999,8131,10
999,8073,7
999,8026,10
999,8014,5
999,8096,5
999,8016,7
999,8071,4
999,8071,9
1000,8076,10
1000,8086,9
1000,8025,4
1000,8088,10
1001,8045,4
1002,8048,7
1002,8092,6
1002,8083,3
1002,8038,4
1003,8136,9
1003,8064,5
1003,8121,8
1003,8044,8
1003,8101,3
1003,8072,9
1003,8085,9
1003,8092,10
1004,8085,8
1004,8101,4
1005,8081,6
1005,8046,5
1006,8043,8
1006,8110,4
1006,8143,7
1007,8128,6
1007,8045,6
1007,8079,5
1008,8062,9
1009,8048,1
1009,8100,5
1010,8071,4
1010,8076,6
1010,8040,7
1010,8067,8
1011,8144,8
1012,8105,7
1013,8116,3
1013,8073,2
1013,8065,6
1013,8011,7
1013,8090,2
1013,8120,3
1013,8004,3
1014,8002,4
1015,8015,10
1015,8104,10
1015,8011,4
1016,8043,3
1016,8055,6
1016,8108,2
1016,8097,2
1017,8131,5
1018,8060,5
1018,8101,10
1018,8118,9
1018,8028,2
1018,8126,6
1018,8067,6
1019,8063,8
1019,8007,9
1019,8119,5
1019,8038,1
1019,8050,3
1019,8085,4
1019,8019,9
1019,8056,2
1019,8039,1
1019,8138,3
1019,8060,5
1019,8010,2
1019,8038,1
1019,8012,3
1019,8069,7
1020,8008,3
1020,8062,2
1020,8027,1
1021,8102,10
1022,8085,7
1022,8041,4
1023,8001,2
1023,8042,1
1024,8050,8
1024,8088,8
1024,8108,9
1025,8119,4
1025,8147,8
1025,8039,5
1025,8003,5
1025,8018,4
1026,8072,4
1027,8066,7
1027,8068,9
1027,8127,2
1028,8100,1
1028,8140,9
1028,8135,6
1029,8111,1
1030,8133,8
1030,8126,10
1031,8055,1
1031,8139,7
1031,8056,4
1032,8126,2
1033,8038,4
1034,8073,7
1034,8042,10
1034,8100,2
1035,8035,7
1036,8135,1
1037,8023,6
1038,8092,9
1039,8135,6
1039,8104,2
1039,8047,8
1039,8140,8
1039,8143,10
1040,8100,8
1040,8079,2
1040,8003,2
1041,8124,5
1041,8149,4
1042,8012,4
1042,8032,5
1043,8077,6
1043,8066,7
1043,8022,10
1043,8097,8
1044,8035,10
1044,8097,2
1044,8072,8
1044,8148,2
1045,8000,7
1046,8140,6
1046,8098,9
1046,8095,5
1046,8031,3
1046,8044,7
1046,8033,9
1047,8005,8
1048,8069,9
1049,8100,9
1049,8138,4
1050,8035,6
1050,8061,4
1050,8090,8
1051,8092,4
1052,8030,1
1052,8098,6
1053,8110,6
1053,8017,6
1053,8021,9
1053,8071,10
1053,8080,5
1054,8090,8
1055,8116,8
1055,8126,2
1055,8049,10
1056,8103,9
1056,8084,2
1056,8096,7
1056,8037,6
1057,8029,3
1058,8002,1
1058,8043,10
1058,8101,7
1059,8133,1
1059,8105,7
1060,8127,6
1061,8036,5
1061,8004,9
1062,8078,7
1062,8052,7
1063,8120,7
1063,8002,6
1063,8048,5
1063,8118,3
1063,8022,3
1063,8097,3
1063,8130,3
1063,8081,8
1063,8081,3
1064,8028,1
1064,8114,2
1064,8124,6
1064,8141,5
1064,8023,9
1064,8125,9
1064,8127,2
1064,8117,4
1064,8008,3
1064,8110,8
1065,8134,2
1065,8103,3
1065,8081,4
1065,8023,2
1066,8077,9
1067,8086,8
1067,8140,2
1067,8112,5
1067,8021,2
1068,8049,4
1069,8073,7
1070,8061,6
1070,8058,5
1070,8071,3
1070,8145,10
1070,8149,5
1071,8069,8
1071,8044,10
1072,8068,4
1073,8009,5
1073,8004,9
1074,8047,7
1074,8139,7
1074,8004,2
1074,8100,1
1074,8142,9
1074,8017,8
1074,8139,2
1074,8115,3
1074,8065,5
1074,8053,7
1074,8108,4
1074,8063,4
1074,8141,10
1074,8132,9
1075,8105,1
1076,8142,9
1077,8072,6
1077,8002,5
1077,8027,3
1078,8118,8
1078,8092,3
1078,8097,4
1078,8073,5
1078,8131,8
1078,8054,8
1078,8037,1
1079,8112,7
1080,8107,10
1080,8006,2
1081,8011,10
1081,8087,9
1081,8145,4
1081,8087,7
1082,8042,8
1082,8094,4
1082,8101,4
1083,8020,10
1084,8099,8
1084,8130,10
1084,8013,5
1084,8073,3
1084,8059,3
1085,8077,3
1086,8070,8
1087,8108,2
1088,8005,10
1088,8142,5
1088,8054,10
1089,8073,3
1090,8059,10
1090,8126,8
1090,8048,10
1090,8062,10
1090,8124,10
1090,8042,10
1090,8022,6
1090,8097,9
1090,8134,5
1091,8100,7
1092,8128,6
1092,8027,8
1093,8028,5
1093,8000,5
1093,8028,5
1093,8080,1
1093,8032,9
1093,8106,3
1093,8052,7
1093,8062,7
1094,8045,6
1094,8032,4
1095,8016,9
1095,8134,7
1096,8097,8
1096,8032,1
1096,8132,8
1096,8079,4
1096,8031,9
1096,8023,6
1096,8088,3
1097,8028,9
1098,8046,7
1098,8075,8
1099,8017,2
1100,8020,9
1101,8136,9
1102,8110,8
1102,8034,7
1102,8067,8
1102,8111,4
1102,8007,7
1103,8134,1
1103,8080,4
1103,8146,8
1103,8087,5
1104,8072,4
1105,8138,4
1105,8110,1
1106,8005,1
1106,8037,8
1106,8078,10
1107,8102,4
1107,8087,9
1107,8130,4
1107,8003,7
1107,8122,7
1108,8011,3
1108,8108,3
1109,8108,5
1110,8033,8
1111,8007,5
1111,8066,2
1111,8113,10
1112,8029,8
1112,8145,10
1113,8105,9
1113,8062,8
1113,8042,8
1113,8052,6
1113,8020,2
1114,8129,6
1115,8002,3
1116,8141,9
1116,8027,5
1116,8092,7
1116,8123,9
1117,8050,4
1117,8105,6
1117,8021,3
1118,8104,7
1119,8037,8
1120,8047,8
1120,8120,7
1121,8115,2
1121,8043,3
1122,8095,10
1123,8052,3
1123,8134,4
1123,8128,5
1123,8112,1
1124,8086,9
1124,8105,2
1124,8058,8
1124,8115,9
1124,8097,2
1124,8018,5
1124,8143,5
1125,8145,1
1125,8080,7
1125,8109,7
1126,8095,7
1126,8061,6
1126,8009,2
1126,8040,9
1126,8008,7
1126,8055,7
1127,8017,5
1127,8070,3
1127,8083,7
1127,8147,5
1128,8006,6
1128,8028,5
1128,8050,5
1128,8022,3
1128,8065,7
1128,8094,9
1128,8070,2
1129,8041,1
1129,8076,9
1130,8058,1
1130,8108,1
1130,8104,6
1130,8009,8
1131,8098,7
1131,8008,4
1132,8060,8
1132,8137,3
1132,8149,10
1132,8088,2
1132,8122,7
1133,8139,9
1133,8140,9
1133,8100,5
1134,8146,2
1134,8025,8
1135,8037,5
1135,8104,4
1136,8104,7
1136,8006,9
1136,8069,1
1136,8107,4
1137,8059,10
1137,8124,3
1137,8118,4
1137,8102,6
1137,8066,9
1138,8141,5
1138,8121,10
1138,8121,10
1139,8076,4
1139,8081,8
1139,8025,1
1139,8074,9
1139,8125,8
1139,8093,9
1139,8054,6
1139,8108,3
1140,8025,1
1140,8092,2
1140,8073,8
1140,8041,1
1140,8052,8
1140,8089,8
1141,8059,10
1141,8080,3
1142,8053,5
1142,8092,9
1142,8125,2
1142,8032,7
1142,8110,7
1142,8128,10
1142,8097,4
1142,8021,3
1142,8143,9
1142,8131,6
1142,8077,9
1142,8039,4
1142,8130,4
1142,8009,3
1143,8057,1
1143,8107,4
1143,8061,8
1143,8133,2
1144,8147,6
1144,8124,10
1144,8101,10
1145,8050,3
1146,8129,10
1146,8143,2
1146,8024,7
1146,8029,7
1146,8060,4
1146,8144,8
1146,8019,5
1146,8065,8
1146,8006,8
1147,8069,3
1147,8071,1
1148,8139,1
1148,8078,2
1148,8027,8
1148,8097,2
1148,8071,9
1149,8144,4
1149,8137,6
1149,8020,8
1149,8135,9
1149,8100,3
1150,8053,4
1150,8110,10
1150,8022,9
1151,8081,1
1152,8073,9
1152,8084,9
1152,8008,1
1152,8042,6
1152,8045,8
1153,8061,10
1153,8036,9
1153,8051,6
1153,8095,9
1153,8072,8
1153,8014,1
1153,8127,7
1153,8117,1
1153,8040,10
1154,8044,8
1155,8112,1
1156,8033,6
1156,8146,4
1157,8059,9
1158,8111,5
1158,8078,3
1158,8099,1
1158,8018,9
1158,8031,2
1158,8000,2
1158,8001,2
1158,8112,6
1158,8034,1
1159,8110,5
1159,8045,7
1159,8059,2
1159,8087,3
1159,8076,7
1159,8112,8
1159,8014,3
1160,8037,2
1160,8135,3
1160,8023,8
1160,8121,7
1161,8006,1
1161,8064,4
1162,8009,5
1162,8015,3
1162,8118,3
1162,8047,5
1162,8142,8
1163,8116,7
1163,8016,4
1163,8144,8
1163,8035,7
1163,8013,3
1164,8029,10
1164,8094,5
1164,8131,10
1164,8099,2
1165,8034,6
1165,8057,1
1165,8106,10
1165,8053,5
1165,8055,9
1166,8123,5
1167,8110,6
1168,8086,4
1168,8103,9
1169,8141,2
1169,8091,3
1169,8017,5
1169,8096,2
1169,8072,5
1169,8009,4
1169,8018,4
1169,8114,6
1169,8071,1
1169,8097,8
1169,8019,2
1169,8126,8
1169,8107,4
1169,8148,9
1170,8081,10
1170,8017,8
1170,8078,1
1171,8033,9
1171,8131,2
1171,8093,1
1172,8052,10
1172,8020,3
1172,8133,6
1172,8095,5
1172,8027,8
1172,8101,8
1172,8127,9
1173,8095,8
1173,8070,9
1174,8097,1
1175,8110,1
1175,8023,5
1176,8066,3
1177,8053,7
1177,8001,4
1177,8070,4
1177,8135,8
1177,8104,10
1177,8111,8
1177,8044,1
1178,8062,1
1179,8144,7
1179,8085,7
1179,8021,4
1179,8076,6
1179,8072,7
1179,8139,10
1180,8118,1
1181,8081,1
1181,8128,6
1181,8011,8
1182,8028,2
1182,8097,3
1183,8001,6
1183,8141,5
1183,8147,3
1183,8057,8
1183,8138,8
1183,8007,6
1183,8100,8
1183,8066,2
1184,8127,6
1184,8106,5
1184,8145,1
1184,8029,10
1184,8069,1
1184,8041,9
1185,8083,10
1186,8145,10
1186,8061,8
1186,8042,10
1186,8125,8
1186,8083,2
1187,8121,4
1187,8114,8
1188,8050,9
1188,8060,3
1188,8141,8
1188,8145,2
1189,8074,9
1189,8016,3
1189,8082,5
1189,8080,6
1190,8085,9
1190,8082,1
1191,8072,4
1192,8147,5
1193,8139,8
1193,8099,2
1193,8020,2
1193,8105,4
1193,8028,6
1194,8003,7
1194,8065,8
1195,8015,2
1196,8130,7
1196,8041,8
1197,8006,9
1197,8072,6
1198,8145,5
1199,8062,9
1199,8074,1
1199,8083,9
1199,8057,2
1200,8095,5
1201,8022,9
1201,8117,2
1201,8133,6
1202,8094,2
1202,8088,1
1202,8099,6
1202,8076,2
1202,8059,10
1203,8068,3
1203,8131,1
1203,8029,6
1203,8080,8
1203,8042,4
1204,8029,5
1204,8046,2
1204,8139,4
1204,8009,10
1205,8055,2
1205,8123,6
1205,8016,8
1206,8080,6
1206,8140,6
1206,8047,10
1207,8031,5
1208,8051,1
1208,8016,5
1209,8019,7
1209,8130,8
1209,8014,4
1210,8083,8
1210,8099,3
1211,8114,8
1211,8063,4
1212,8004,7
1213,8147,8
1213,8044,2
1213,8069,3
1213,8022,10
1213,8122,7
1214,8058,5
1215,8081,10
1216,8033,9
1217,8078,6
1217,8098,1
1217,8012,9
1218,8047,1
1218,8120,4
1219,8140,4
1219,8139,7
1219,8144,5
1219,8017,10
1219,8040,2
1219,8057,6
1219,8047,6
1219,8097,4
1220,8061,4
1220,8078,1
1220,8128,8
1220,8076,1
1220,8012,5
1220,8032,8
1220,8060,5
1221,8123,1
1222,8141,2
1223,8011,6
1223,8103,2
1223,8096,10
1223,8052,7
1223,8000,8
1223,8143,7
1224,8107,5
1224,8147,6
1225,8034,1
1225,8070,7
1225,8033,2
1225,8036,1
1225,8061,1
1225,8106,9
1225,8087,4
1225,8031,5
1225,8012,8
1225,8074,8
1225,8004,3
1225,8117,8
1226,8100,2
1226,8085,3
1226,8060,4
1226,8020,9
1226,8020,8
1226,8114,1
1226,8057,5
1226,8026,10
1226,8039,5
1227,8083,1
1227,8009,7
1227,8092,4
1228,8024,9
1229,8000,4
1229,8068,4
1229,8020,8
1229,8038,8
1229,8092,6
1230,8144,5
1230,8091,2
1231,8028,1
1231,8045,4
1231,8054,3
1232,8044,7
1232,8105,2
1232,8030,10
1232,8070,7
1232,8080,2
1233,8107,4
1233,8122,10
1233,8076,1
1233,8120,2
1234,8057,6
1234,8141,4
1234,8007,8
1235,8144,1
1235,8088,6
1236,8116,8
1237,8139,2
1237,8067,8
1238,8142,2
1239,8050,4
1239,8114,8
1240,8017,10
1241,8112,7
1242,8131,5
1243,8057,1
1244,8146,4
1245,8069,1
1246,8117,9
1247,8049,3
1247,8105,10
1248,8137,9
1249,8104,6
1249,8096,8
1250,8043,3
1251,8056,9
1251,8000,7
1251,8077,2
1251,8128,8
1251,8108,10
1251,8048,10
1251,8034,7
1251,8121,5
1251,8014,1
1252,8018,10
1252,8138,6
1253,8094,5
1253,8081,2
1253,8061,2
1253,8056,3
1253,8137,2
1253,8116,4
1254,8051,2
1255,8112,8
1255,8137,9
1255,8039,8
1256,8089,8
1256,8031,2
1256,8103,2
1256,8069,9
1256,8048,10
1256,8061,6
1256,8049,5
1256,8017,2
1257,8054,4
1257,8002,3
1257,8141,10
1257,8095,5
1257,8083,6
1257,8018,1
1258,8141,6
1258,8080,3
1259,8025,2
1260,8027,2
1260,8023,4
1260,8065,3
1260,8071,3
1260,8081,4
1260,8109,6
1260,8073,7
1260,8147,6
1261,8100,2
1261,8143,1
1261,8095,8
1262,8126,8
1262,8098,8
1262,8080,2
1262,8040,1
1262,8060,5
1262,8108,4
1263,8005,10
1264,8038,1
1264,8035,10
1264,8123,5
1265,8126,8
1265,8065,1
1266,8148,4
1266,8002,9
1267,8090,8
1268,8020,5
1268,8143,4
1268,8138,2
1268,8114,5
1268,8114,3
1268,8012,7
1268,8074,8
1268,8103,8
1268,8138,3
1268,8141,1
1268,8118,7
1268,8010,4
1269,8053,8
1269,8035,1
1269,8000,4
1269,8093,9
1269,8068,9
1269,8068,8
1270,8053,2
1271,8115,7
1272,8089,3
1272,8073,2
1273,8026,4
1274,8141,7
1275,8073,8
1275,8021,6
1275,8126,9
1275,8035,2
1275,8065,8
1275,8021,6
1275,8093,7
1276,8087,9
1277,8129,6
1278,8042,7
1278,8035,7
1279,8031,3
1279,8050,3
1279,8117,9
1280,8125,1
1280,8041,3
1280,8122,7
1280,8128,2
1280,8114,8
1280,8100,8
1280,8129,1
1280,8122,10
1280,8057,4
1280,8095,8
1280,8119,4
1280,8119,1
1280,8024,3
1281,8122,2
1281,8002,1
1281,8144,10
1281,8142,4
1281,8037,10
1281,8124,7
1282,8100,10
1282,8018,6
1283,8010,7
1284,8058,9
1284,8117,2
1284,8008,4
1285,8073,3
1285,8078,3
1285,8084,7
1285,8088,6
1285,8129,5
1286,8131,10
1286,8017,9
1286,8087,3
1287,8072,4
1288,8098,3
1289,8101,5
1289,8058,10
1290,8093,9
1290,8019,2
1290,8020,9
1290,8010,1
1291,8094,10
1291,8106,1
1291,8039,4
1291,8085,3
1291,8093,3
1292,8139,10
1292,8053,5
1292,8076,2
1293,8046,3
1293,8121,1
1293,8030,9
1293,8052,3
1294,8074,4
1294,8071,10
1294,8068,9
1294,8127,7
1295,8009,4
1296,8053,10
1296,8040,4
1296,8130,6
1296,8071,3
1297,8006,3
1297,8060,7
1297,8076,6
1297,8052,3
1297,8061,10
1297,8046,8
1298,8032,6
1299,8069,8
1299,8103,5
1300,8035,3
1300,8104,1
1300,8109,5
1300,8057,9
1300,8013,4
1301,8075,9
1301,8098,10
1301,8133,7
1301,8031,10
1302,8060,1
1303,8134,10
1303,8144,8
1304,8108,10
1305,8113,6
1306,8060,1
1306,8116,5
1307,8060,10
1307,8016,7
1307,8102,2
1308,8098,3
1309,8135,6
1309,8058,6
1309,8100,7
1310,8084,2
1310,8061,4
1310,8009,1
1310,8026,5
1310,8141,5
1311,8142,2
1312,8139,1
1313,8116,6
1313,8054,10
1314,8009,1
1314,8060,7
1314,8126,3
1315,8008,3
1315,8057,8
1315,8103,2
1315,8109,5
1315,8142,1
1316,8096,8
1317,8024,3
1317,8146,7
1317,8045,1
1318,8004,1
1319,8127,5
1320,8008,2
1320,8115,1
1320,8081,4
1320,8024,10
1320,8083,8
1321,8140,7
1322,8060,10
1322,8073,5
1322,8130,9
1322,8084,4
1323,8000,2
1323,8008,4
1323,8086,3
1324,8105,2
1325,8015,9
1325,8019,6
1326,8097,8
1326,8084,3
1326,8110,4
1326,8069,7
1326,8101,9
1326,8124,6
1327,8081,8
1327,8068,5
1328,8030,9
1328,8085,8
1329,8132,1
1329,8009,7
1329,8095,2
1330,8069,9
1330,8094,2
1330,8140,3
1330,8077,6
1330,8123,7
1331,8058,2
1331,8135,2
1332,8075,10
1333,8104,5
1333,8122,9
1333,8096,6
1333,8130,10
1333,8009,4
1333,8004,2
1333,8081,1
1333,8088,4
1333,8079,7
1333,8146,9
1333,8062,2
1334,8098,7
1334,8146,3
1334,8000,5
1334,8143,1
1334,8099,7
1334,8143,7
1334,8062,4
1334,8087,8
1334,8035,9
1335,8061,7
1335,8090,8
1335,8017,10
1335,8001,10
1335,8059,5
1336,8108,2
1336,8046,2
1336,8034,7
1337,8087,4
1337,8072,2
1338,8108,7
1338,8016,5
1339,8107,5
1339,8083,9
1340,8001,3
1340,8133,4
1340,8145,6
1340,8032,1
1340,8133,3
1340,8016,4
1340,8122,2
1340,8049,2
1340,8030,4
1341,8015,7
1341,8069,6
1342,8012,10
1342,8009,4
1343,8078,2
1344,8063,3
1345,8110,9
1345,8087,8
1345,8024,9
1345,8103,3
1345,8105,3
1346,8071,2
1347,8062,9
1348,8046,5
1348,8101,7
1348,8106,3
1348,8146,9
1348,8043,7
1348,8133,7
1349,8045,10
1350,8098,2
1351,8130,3
1352,8050,4
1352,8000,5
1352,8131,4
1352,8088,10
1352,8018,1
1352,8101,8
1352,8093,9
1353,8104,3
1353,8130,7
1353,8085,1
1353,8149,9
1353,8101,1
1353,8121,8
1354,8145,5
1355,8070,6
1355,8039,3
1355,8050,2
1355,8148,6
1355,8115,3
1356,8131,6
1356,8109,7
1357,8115,5
1358,8144,4
1358,8147,9
1358,8030,6
1359,8015,7
1359,8030,10
1360,8070,8
1360,8016,2
1360,8075,2
1360,8036,2
1360,8119,10
1360,8139,1
1361,8037,4
1361,8021,4
1361,8057,5
1362,8079,10
1362,8114,3
1363,8048,1
1364,8092,1
1365,8033,8
1365,8119,10
1366,8144,3
1367,8001,4
1367,8044,5
1367,8129,3
1367,8084,1
1367,8105,6
1367,8032,4
1368,8052,1
1368,8052,3
1368,8055,6
1368,8106,3
1369,8111,9
1369,8086,4
1370,8144,2
1370,8125,8
1371,8088,2
1372,8006,3
1372,8009,3
1373,8037,1
1373,8124,6
1373,8070,3
1373,8116,9
1373,8147,7
1374,8097,7
1374,8062,9
1375,8106,8
1376,8019,6
1377,8020,4
1377,8139,2
1378,8060,8
1378,8128,1
1379,8133,10
1380,8137,8
1380,8053,5
1380,8101,1
1380,8042,1
1380,8141,9
1380,8140,9
1380,8093,6
1380,8059,8
1380,8127,8
1380,8087,10
1380,8030,6
1380,8053,6
1380,8116,5
1380,8027,5
1380,8073,2
1380,8128,2
1381,8038,10
1381,8051,3
1381,8092,9
1381,8131,10
1381,8013,7
1381,8093,6
1381,8135,10
1382,8051,5
1383,8029,6
1384,8030,7
1384,8007,2
1384,8019,8
1385,8009,6
1385,8025,5
1385,8022,4
1386,8027,2
1386,8034,3
1386,8129,3
1386,8113,7
1386,8126,9
1387,8085,3
1388,8140,7
1388,8088,10
1388,8013,4
1388,8104,7
1388,8059,5
1388,8115,7
1388,8036,3
1389,8044,9
1390,8012,3
1390,8058,7
1391,8011,6
1391,8118,1
1391,8121,7
1391,8044,9
1391,8041,4
1391,8147,1
1392,8087,7
1393,8059,8
1394,8005,9
1395,8072,2
1396,8116,2
1396,8001,6
1396,8134,1
1396,8128,6
1396,8048,4
1396,8042,8
1396,8092,9
1396,8080,8
1397,8060,7
1397,8056,2
1397,8074,2
1398,8014,4
1399,8122,9
1399,8104,1
1400,8099,8
1401,8010,2
1401,8149,10
1402,8098,2
1403,8018,4
1403,8067,4
1404,8055,8
1404,8026,9
1404,8101,8
1405,8133,8
1405,8091,10
1406,8008,3
1407,8028,5
1407,8025,6
1407,8000,1
1408,8012,10
1408,8056,4
1409,8090,6
1409,8114,7
1410,8105,7
1410,8131,7
1410,8123,3
1410,8061,5
1410,8013,7
1411,8003,2
1412,8034,10
1413,8007,5
1413,8133,7
1413,8049,5
1414,8058,8
1414,8120,10
1414,8031,9
1414,8148,10
1414,8009,7
1414,8069,7
1414,8009,5
1414,8131,3
1415,8034,5
1415,8107,4
1415,8148,2
1415,8111,3
1415,8055,9
1416,8111,3
1416,8138,7
1416,8122,10
1417,8066,5
1417,8096,10
1418,8144,7
1418,8048,9
1418,8143,7
1419,8098,1
1419,8075,1
1419,8015,3
1420,8028,4
1420,8135,3
1421,8112,10
1422,8003,5
1423,8144,5
1423,8024,4
1424,8000,10
1424,8117,10
1425,8020,4
1426,8030,8
1427,8024,7
1427,8142,1
1427,8099,5
1427,8145,9
1427,8114,5
1428,8121,5
1429,8092,8
1429,8124,4
1429,8121,9
1430,8008,3
1430,8121,4
1431,8128,10
1431,8114,2
1432,8133,2
1432,8113,2
1432,8092,6
1432,8039,5
1432,8011,4
1432,8095,6
1432,8111,7
1432,8029,9
1432,8060,5
1432,8034,7
1433,8030,2
1434,8063,3
1434,8088,8
1435,8033,2
1436,8126,2
1436,8124,9
1437,8072,9
1437,8070,10
1438,8022,1
1438,8078,2
1438,8025,2
1438,8023,1
1438,8043,9
1439,8095,10
1439,8138,6
1439,8145,3
1439,8086,3
1439,8135,8
1439,8036,4
1439,8045,1
1440,8003,6
1440,8145,6
1440,8013,7
1440,8145,2
1441,8127,8
1441,8069,6
1441,8081,9
1442,8003,4
1443,8146,1
1444,8098,3
1445,8013,7
1446,8068,1
1447,8077,10
1447,8103,1
1448,8130,6
1448,8003,1
1448,8140,3
1448,8080,4
1448,8038,2
1449,8123,6
1450,8110,10
1450,8005,1
1451,8106,6
1451,8025,10
1451,8117,7
1452,8013,7
1452,8039,6
1452,8077,9
1452,8020,4
1452,8045,2
1453,8079,4
1453,8046,2
1454,8044,3
1454,8044,4
1455,8101,2
1455,8128,9
1455,8125,7
1456,8124,2
1457,8099,2
1457,8038,5
1458,8120,6
1459,8043,6
1459,8127,6
1460,8016,3
1460,8092,10
1460,8035,7
1460,8063,10
1461,8003,1
1461,8133,10
1461,8000,8
1461,8102,4
1461,8032,4
1461,8054,9
1462,8022,10
1462,8016,9
1462,8055,1
1462,8027,5
1462,8041,1
1462,8141,7
1462,8033,8
1462,8112,7
1462,8034,1
1463,8082,1
1463,8043,3
1464,8115,5
1464,8112,2
1464,8134,1
1464,8045,10
1465,8057,8
1466,8013,2
1466,8070,7
1466,8043,2
1466,8019,8
1467,8014,1
1467,8114,5
1467,8063,3
1468,8056,1
1469,8101,8
1470,8034,4
1471,8069,5
1471,8120,6
1471,8128,10
1471,8009,1
1471,8090,2
1471,8077,1
1471,8126,2
1472,8046,5
1472,8090,4
1472,8123,6
1472,8116,2
1472,8034,4
1472,8006,6
1472,8129,4
1473,8025,5
1474,8018,1
1474,8042,6
1475,8060,10
1475,8147,10
1475,8130,8
1475,8089,4
1475,8136,5
1476,8045,8
1477,8037,7
1477,8147,10
1478,8114,8
1478,8039,1
1478,8149,5
1478,8052,8
1478,8074,3
1478,8135,3
1478,8102,5
1478,8117,2
1479,8029,8
1480,8018,5
1481,8149,4
1481,8040,6
1481,8003,6
1481,8077,9
1481,8065,4
1481,8031,3
1481,8108,9
1481,8006,5
1482,8013,7
1483,8141,10
1483,8054,10
1483,8027,4
1483,8014,7
1483,8135,10
1484,8026,3
1484,8146,10
1484,8115,4
1485,8005,1
1485,8140,3
1486,8074,6
1487,8053,7
1487,8031,2
1487,8114,7
1488,8099,9
1489,8054,5
1489,8081,6
1489,8069,2
1490,8012,2
1490,8018,7
1491,8136,9
1491,8003,3
1491,8070,4
1491,8036,7
1491,8135,4
1491,8033,8
1492,8075,2
1493,8033,6
1493,8129,4
1493,8033,9
1493,8048,1
1493,8026,10
1494,8107,7
1494,8120,6
1494,8114,6
1494,8041,7
1494,8140,10
1495,8104,4
1496,8062,2
1496,8054,4
1496,8027,8
1496,8042,4
1496,8098,10
1496,8080,9
1496,8141,9
1496,8116,8
1497,8123,1
1498,8062,8
1498,8082,6
1498,8053,1
1498,8124,10
1499,8006,6
1499,8048,9
1499,8025,4
1500,8044,10
1500,8053,1
1500,8096,6
1500,8032,4
1500,8062,8
1500,8010,10
1500,8127,10
1500,8119,1
1501,8025,9
1501,8059,9
1501,8097,8
1501,8117,3
1501,8042,10
1502,8136,2
1503,8074,9
1504,8108,5
1504,8134,7
1504,8069,3
1504,8034,2
1504,8072,5
1505,8080,9
1505,8114,6
1505,8142,9
1506,8018,1
1507,8113,10
1508,8034,8
1509,8009,7
1509,8101,1
1510,8129,8
1511,8135,9
1511,8061,5
1511,8131,1
1511,8039,1
1511,8070,6
1512,8131,8
1512,8137,1
1513,8085,8
1513,8018,6
1513,8021,9
1513,8022,9
1514,8083,4
1514,8068,4
1514,8127,9
1514,8032,4
1514,8017,3
1514,8020,8
1514,8041,3
1515,8136,9
1515,8032,9
1515,8131,1
1515,8105,7
1516,8084,6
1517,8085,5
1518,8106,5
1518,8000,1
1518,8066,9
1518,8112,7
1518,8000,4
1518,8050,1
1519,8117,10
1520,8067,4
1520,8099,2
1521,8108,5
1522,8025,1
1522,8119,1
1523,8131,5
1523,8120,9
1523,8058,6
1523,8033,5
1523,8055,2
1523,8108,4
1524,8049,9
1524,8110,8
1524,8051,1
1525,8048,5
1526,8119,3
1526,8057,10
1527,8049,5
1527,8149,2
1527,8126,3
1527,8057,5
1527,8085,1
1527,8087,6
1527,8062,9
1527,8047,8
1528,8112,6
1528,8118,7
1529,8129,10
1529,8143,4
1529,8071,10
1530,8113,8
1530,8054,2
1530,8010,2
1531,8061,9
1532,8022,7
1532,8016,2
1532,8031,7
1532,8052,7
1532,8094,1
1532,8052,7
1532,8128,5
1532,8125,3
1533,8149,5
1534,8106,4
1534,8051,3
1534,8132,2
1534,8133,8
1534,8000,2
1534,8142,10
1534,8006,8
1535,8142,7
1535,8071,2
1535,8087,2
1535,8025,4
1536,8090,3
1536,8089,7
1537,8126,8
1537,8140,9
1537,8113,4
1537,8137,4
1537,8003,3
1537,8068,8
1537,8105,5
1537,8061,7
1537,8124,3
1537,8125,5
1537,8135,5
1537,8010,10
1537,8040,9
1537,8046,5
1537,8119,6
1537,8060,9
1537,8122,6
1538,8118,8
1539,8074,2
1539,8102,3
1539,8081,5
1540,8123,4
1541,8089,9
1541,8118,4
1541,8017,3
1542,8073,6
1542,8145,6
1542,8056,6
1543,8014,4
1543,8053,3
1543,8050,7
1543,8007,8
1543,8028,3
1544,8087,10
1544,8003,7
1544,8053,4
1544,8020,6
1544,8037,3
1545,8121,1
1545,8135,3
1546,8000,2
1546,8126,10
1547,8141,4
1547,8149,9
1547,8047,4
1547,8063,5
1548,8085,2
1549,8009,7
1549,8064,9
1549,8090,1
1549,8006,9
1550,8067,4
1550,8088,7
1551,8072,2
1551,8127,4
1551,8146,6
1551,8012,3
1551,8043,3
1551,8016,5
1551,8135,10
1551,8103,5
1552,8117,6
1552,8003,3
1552,8061,5
1553,8109,5
1553,8094,10
1554,8018,7
1554,8042,3
1554,8012,4
1554,8048,7
1554,8004,3
1555,8031,8
1556,8066,1
1556,8105,7
1557,8009,10
1557,8032,7
1557,8075,4
1557,8095,10
1557,8142,8
1557,8046,5
1557,8091,4
1557,8000,8
1558,8131,8
1559,8111,2
1559,8055,3
1559,8127,3
1559,8035,5
1559,8022,9
1559,8106,2
1560,8079,8
1560,8061,6
1561,8078,10
1561,8123,1
1562,8131,1
1562,8097,3
1563,8111,9
1563,8149,8
1564,8091,7
1564,8094,3
1565,8001,2
1566,8129,10
1566,8014,6
1567,8011,8
1568,8117,2
1569,8040,2
1569,8001,4
1569,8069,9
1569,8018,2
1569,8132,8
1569,8040,5
1569,8028,6
1570,8137,10
1570,8036,4
1570,8094,7
1570,8057,2
1571,8035,8
1571,8083,9
1571,8066,9
1571,8088,10
1572,8075,4
1572,8114,3
1573,8134,7
1574,8096,5
1574,8111,10
1575,8138,8
1575,8041,1
1575,8032,7
1575,8146,6
1576,8079,10
1576,8068,6
1576,8110,9
1577,8007,5
1577,8129,5
1577,8031,9
1578,8073,8
1579,8099,10
1580,8073,8
1581,8041,10
1582,8085,10
1582,8050,8
1582,8119,1
1582,8039,10
1582,8110,10
1582,8082,6
1582,8123,5
1582,8117,7
1582,8137,1
1583,8053,8
1584,8118,3
1584,8097,9
1584,8104,7
1584,8076,6
1585,8105,6
1585,8083,5
1585,8014,9
1585,8063,2
1586,8032,3
1587,8069,3
1587,8100,9
1588,8071,1
1588,8064,1
1589,8002,8
1590,8145,5
1590,8007,4
1590,8067,2
1591,8002,1
1592,8121,2
1592,8102,1
1593,8118,9
1593,8138,1
1594,8123,5
1594,8052,9
1594,8037,5
1594,8053,9
1594,8129,5
1595,8116,9
1595,8050,3
1595,8100,4
1596,8076,10
1596,8020,9
1596,8130,7
1596,8122,4
1597,8066,6
1597,8084,7
1597,8136,6
1598,8036,5
1598,8072,5
1598,8095,7
1598,8070,4
1599,8024,5
1600,8127,6
1600,8109,10
1600,8108,10
1600,8054,8
1601,8058,5
1601,8134,1
1601,8071,7
1601,8029,4
1601,8072,1
1601,8134,6
1601,8087,5
1601,8049,4
1601,8137,4
1602,8033,4
1602,8017,8
1602,8094,1
1603,8039,6
1603,8020,7
1603,8133,8
1604,8101,8
1605,8044,3
1605,8036,7
1605,8051,3
1606,8022,4
1606,8048,6
1607,8094,2
1607,8042,8
1608,8120,8
1608,8138,2
1608,8137,4
1609,8109,2
1609,8143,8
1610,8060,6
1610,8022,8
1610,8066,8
1610,8078,6
1611,8071,8
1611,8090,2
1612,8109,3
1613,8086,7
1614,8002,9
1615,8070,6
1615,8076,7
1616,8101,5
1616,8076,6
1616,8053,7
1617,8037,2
1617,8129,6
1617,8049,2
1617,8025,7
1618,8048,7
1618,8115,6
1618,8067,6
1618,8046,4
1619,8084,3
1620,8012,8
1620,8080,9
1620,8055,8
1620,8116,10
1620,8034,6
1621,8120,3
1621,8082,2
1622,8112,4
1622,8009,1
1622,8032,4
1623,8022,6
1623,8104,5
1624,8044,10
1624,8083,8
1624,8016,7
1624,8096,9
1625,8022,3
1625,8135,4
1625,8138,1
1626,8044,8
1626,8036,5
1626,8129,9
1627,8146,6
1627,8102,7
1627,8039,5
1628,8068,1
1628,8117,9
1628,8013,4
1629,8052,10
1629,8052,1
1629,8141,9
1629,8041,7
1630,8145,7
1631,8020,9
1632,8084,6
1632,8014,7
1632,8113,1
1633,8122,7
1633,8000,10
1633,8010,5
1633,8045,5
1633,8143,4
1633,8031,1
1634,8067,3
1634,8088,4
1634,8067,5
1635,8034,9
1636,8107,3
1637,8138,6
1638,8024,10
1638,8105,5
1639,8137,9
1639,8007,2
1640,8106,8
1640,8095,4
1640,8077,3
1641,8058,6
1642,8101,8
1642,8048,1
1643,8091,9
1643,8055,3
1643,8052,9
1643,8118,7
1644,8045,10
1644,8045,4
1645,8125,5
1646,8124,6
1646,8149,2
1646,8090,3
1646,8093,7
1646,8052,3
1646,8132,2
1647,8143,10
1647,8130,1
1647,8104,3
1648,8148,7
1648,8060,2
1649,8069,6
1649,8144,6
1649,8015,8
1649,8111,5
1649,8060,5
1649,8043,7
1649,8141,8
1649,8070,9
1649,8061,1
1649,8020,8
1649,8016,3
1650,8050,3
1650,8095,10
1650,8047,6
1650,8123,6
1651,8110,1
1652,8012,9
1652,8081,5
1652,8114,1
1652,8132,2
1652,8123,1
1652,8114,1
1653,8087,8
1654,8045,3
1654,8141,5
1655,8102,1
1656,8126,10
1656,8009,10
1657,8122,2
1657,8006,9
1658,8114,7
1659,8119,7
1659,8082,5
1659,8045,5
1659,8022,9
1659,8118,10
1659,8110,10
1660,8121,10
1660,8014,10
1660,8140,2
1661,8052,6
1662,8003,5
1662,8135,5
1663,8140,10
1664,8057,10
1664,8049,1
1665,8102,2
1665,8030,6
1665,8129,5
1665,8075,5
1665,8120,7
1665,8050,2
1666,8046,2
1666,8048,2
1667,8043,10
1667,8108,9
1667,8095,2
1668,8077,4
1668,8133,4
1669,8011,2
1669,8099,1
1669,8064,3
1669,8047,9
1670,8089,10
1671,8110,9
1672,8121,6
1673,8003,1
1673,8120,3
1673,8087,8
1673,8048,9
1674,8125,4
1674,8059,4
1674,8053,2
1674,8123,8
1674,8126,4
1674,8032,6
1674,8050,9
1674,8021,2
1674,8140,2
1674,8034,10
1675,8141,1
1675,8064,3
1675,8146,6
1675,8007,7
1676,8029,10
1676,8006,9
1676,8073,7
1676,8016,1
1676,8067,6
1676,8009,10
1677,8011,6
1678,8011,8
1679,8069,3
1680,8125,7
1681,8125,7
1681,8101,7
1681,8051,5
1682,8140,1
1682,8054,1
1683,8027,1
1683,8129,5
1683,8142,9
1683,8122,6
1683,8021,3
1683,8020,6
1683,8036,4
1683,8082,5
1683,8049,4
1683,8146,6
1683,8025,6
1683,8124,6
1683,8026,5
1684,8078,9
1684,8032,5
1685,8116,8
1685,8012,7
1685,8034,6
1685,8035,8
1685,8145,4
1685,8044,2
1685,8107,3
1685,8068,8
1685,8104,7
1685,8058,2
1685,8050,10
1685,8105,2
1685,8129,4
1685,8000,9
1685,8088,9
1686,8084,7
1686,8021,7
1687,8121,3
1687,8083,5
1687,8058,5
1687,8002,9
1688,8147,10
1688,8108,10
1688,8070,3
1688,8002,2
1688,8109,9
1688,8017,7
1689,8042,8
1689,8007,6
1689,8087,2
1690,8013,10
1690,8108,6
1690,8040,3
1691,8019,10
1691,8098,5
1691,8042,4
1691,8048,7
1692,8128,8
1692,8089,8
1693,8050,6
1693,8052,8
1694,8054,3
1694,8052,7
1694,8047,10
1695,8007,7
1695,8015,9
1695,8138,9
1696,8030,5
1697,8130,4
1698,8102,1
1698,8014,8
1698,8101,7
1699,8117,9
1700,8066,6
1700,8081,2
1700,8136,9
1700,8014,6
1700,8102,10
1700,8145,9
1701,8012,9
1701,8020,4
1701,8017,3
1701,8030,1
1701,8114,2
1701,8009,4
1702,8114,2
1702,8124,9
1702,8019,3
1702,8099,10
1702,8111,1
1702,8023,6
1702,8019,10
1702,8026,10
1702,8081,2
1702,8128,1
1702,8087,6
1702,8106,10
1702,8067,8
1702,8043,8
1702,8131,2
1703,8098,8
1704,8002,7
1704,8088,8
1704,8110,9
1704,8114,4
1704,8110,3
1705,8060,7
1706,8112,6
1706,8061,4
1706,8081,4
1706,8075,6
1706,8147,3
1706,8052,7
1706,8126,9
1706,8005,5
1706,8122,9
1706,8011,9
1706,8103,4
1707,8059,9
1707,8058,9
1707,8030,3
1708,8143,10
1709,8059,4
1709,8091,6
1709,8095,1
1710,8022,1
1711,8017,1
1711,8143,3
1712,8047,1
1712,8122,3
1712,8045,6
1713,8016,6
1713,8126,10
1713,8116,6
1713,8061,1
1714,8144,10
1714,8149,10
1715,8136,9
1715,8011,8
1715,8013,10
1715,8105,9
1716,8069,5
1716,8041,6
1717,8111,10
1718,8143,6
1719,8052,5
1719,8012,7
1719,8013,5
1719,8042,9
1720,8116,5
1720,8108,6
1720,8048,1
1720,8074,4
1720,8103,7
1720,8139,5
1720,8099,5
1721,8010,10
1721,8085,5
1722,8091,9
1722,8112,3
1722,8044,8
1722,8033,9
1723,8101,1
1724,8087,8
1724,8121,7
1724,8084,10
1725,8026,3
1726,8063,3
1726,8127,6
1726,8089,7
1726,8070,8
1726,8120,4
1727,8147,2
1727,8044,1
1727,8079,2
1727,8142,10
1727,8057,9
1727,8065,6
1727,8089,3
1727,8044,8
1727,8134,3
1727,8042,6
1727,8017,5
1727,8072,5
1728,8056,4
1728,8028,10
1728,8103,8
1729,8090,5
1729,8142,3
1729,8112,9
1729,8073,6
1729,8036,10
1729,8044,2
1730,8091,6
1730,8031,10
1731,8009,8
1731,8065,4
1731,8130,9
1732,8018,1
1732,8035,3
1733,8066,1
1734,8116,1
1734,8025,1
1734,8024,1
1734,8101,3
1734,8000,9
1734,8107,9
1734,8114,7
1735,8097,9
1736,8097,10
1736,8002,8
1736,8035,9
1736,8024,4
1736,8018,3
1736,8146,4
1736,8120,2
1736,8123,3
1736,8085,3
1737,8044,4
1737,8041,6
1737,8131,2
1737,8025,10
1737,8124,9
1737,8107,2
1737,8099,5
1737,8096,4
1738,8018,6
1738,8035,2
1738,8008,6
1738,8148,5
1739,8082,9
1739,8008,3
1739,8143,2
1739,8082,1
1740,8126,8
1740,8000,4
1740,8039,7
1740,8044,1
1740,8069,2
1740,8131,3
1740,8088,7
1741,8104,8
1741,8002,9
1741,8014,5
1741,8011,10
1741,8002,8
1741,8025,8
1741,8003,8
1741,8114,6
1742,8009,2
1743,8096,5
1744,8038,9
1744,8144,6
1744,8063,1
1744,8139,6
1745,8125,5
1745,8121,2
1746,8079,2
1746,8011,4
1747,8102,8
1747,8044,9
1748,8049,1
1748,8024,4
1749,8128,10
1749,8110,3
1749,8088,7
1749,8016,1
1749,8106,9
1750,8110,1
1750,8013,8
1750,8006,5
1750,8140,8
1750,8037,10
1750,8128,5
1751,8127,2
1751,8049,1
1751,8115,3
1752,8023,9
1753,8145,9
1754,8100,4
1754,8068,4
1754,8145,1
1754,8042,4
1754,8006,3
1755,8128,3
1755,8080,1
1756,8002,3
1756,8097,6
1756,8018,3
1756,8008,10
1756,8123,7
1756,8084,2
1757,8019,4
1757,8019,5
1757,8132,2
1757,8066,7
1758,8106,5
1758,8128,7
1758,8043,5
1758,8144,7
1759,8016,1
1760,8032,9
1760,8005,4
1760,8139,9
1760,8038,10
1760,8129,3
1760,8115,1
1760,8034,5
1760,8097,3
1761,8065,8
1761,8066,4
1761,8099,3
1762,8019,1
1762,8017,3
1762,8009,6
1762,8014,4
1762,8080,7
1762,8094,8
1762,8126,2
1762,8131,8
1763,8115,1
1764,8027,6
1764,8080,6
1765,8056,5
1765,8017,9
1765,8072,1
1765,8139,1
1766,8116,1
1766,8021,8
1767,8029,9
1768,8003,5
1768,8111,3
1768,8047,6
1769,8136,2
1770,8069,8
1771,8140,7
1771,8109,10
1771,8075,5
1772,8010,2
1773,8015,1
1773,8008,7
1773,8069,7
1773,8076,8
1773,8065,6
1773,8044,2
1773,8144,9
1773,8051,2
1773,8102,5
1774,8026,8
1775,8035,9
1776,8040,10
1777,8128,3
1777,8040,5
1777,8099,6
1777,8119,6
1777,8123,2
1777,8026,1
1777,8060,10
1777,8096,6
1778,8067,7
1778,8045,9
1779,8068,4
1780,8021,1
1780,8102,3
1781,8077,10
1781,8086,4
1782,8062,10
1783,8060,9
1783,8027,1
1784,8056,9
1784,8006,8
1785,8021,1
1785,8109,7
1785,8126,1
1785,8144,1
1786,8129,10
1786,8118,2
1786,8070,2
1786,8094,3
1786,8144,5
1786,8091,3
1786,8060,2
1786,8058,3
1787,8132,9
1787,8084,6
1787,8032,3
1788,8103,9
1788,8026,8
1788,8081,7
1789,8021,1
1789,8109,1
1789,8008,2
1789,8023,2
1789,8108,5
1789,8088,10
1790,8126,9
1790,8073,1
1790,8086,6
1790,8140,5
1791,8007,3
1792,8133,5
1792,8062,5
1792,8141,9
1792,8049,4
1792,8014,7
1792,8113,1
1792,8114,2
1793,8040,1
1793,8085,4
1793,8058,6
1793,8068,10
1793,8086,8
1793,8109,4
1794,8048,10
1794,8068,3
1795,8010,4
1795,8045,5
1796,8077,2
1797,8053,7
1797,8000,10
1797,8137,10
1797,8098,5
1797,8042,7
1798,8052,1
1798,8043,10
1799,8103,8
1799,8018,3
1800,8090,9
1800,8000,6
1801,8139,10
1801,8116,3
1802,8035,3
1802,8047,1
1802,8026,3
1803,8059,8
1803,8036,8
1804,8098,7
1804,8039,4
1805,8137,2
1806,8136,1
1807,8073,9
1807,8023,9
1808,8009,2
1809,8038,8
1810,8073,4
1810,8090,3
1810,8101,4
1811,8106,10
1811,8123,2
1811,8090,10
1811,8038,9
1811,8050,4
1811,8111,10
1811,8136,6
1811,8041,10
1811,8091,6
1811,8037,10
1811,8077,4
1811,8133,9
1812,8097,9
1812,8042,1
1813,8101,10
1814,8081,6
1814,8139,5
1814,8127,2
1815,8095,8
1815,8070,7
1815,8010,9
1816,8085,6
1817,8069,8
1817,8109,1
1817,8017,3
1818,8011,6
1818,8010,5
1819,8029,3
1820,8084,2
1820,8042,4
1820,8036,10
1821,8050,4
1821,8007,3
1822,8117,7
1822,8018,2
1822,8006,1
1822,8080,1
1823,8120,7
1823,8050,1
1823,8090,3
1824,8052,3
1824,8034,3
1824,8025,6
1824,8040,2
1824,8120,3
1824,8138,7
1824,8123,3
1824,8086,10
1825,8118,9
1825,8069,3
1826,8066,7
1826,8103,4
1826,8041,10
1826,8005,2
1826,8147,3
1826,8005,5
1826,8011,5
1826,8013,6
1827,8139,7
1827,8003,10
1828,8080,3
1828,8031,7
1829,8055,7
1830,8000,8
1831,8109,3
1831,8011,10
1831,8063,9
1831,8107,8
1831,8074,5
1831,8121,10
1831,8094,8
1831,8020,3
1831,8055,3
1832,8027,10
1833,8077,5
1833,8078,8
1834,8147,3
1834,8104,7
1835,8010,7
1835,8053,5
1835,8076,10
1835,8101,10
1835,8100,6
1836,8127,7
1836,8076,9
1836,8081,5
1836,8089,2
1836,8101,9
1837,8032,8
1837,8087,8
1837,8004,4
1838,8087,10
1839,8029,6
1839,8065,9
1839,8125,10
1839,8070,4
1840,8028,7
1840,8017,3
1840,8044,4
1840,8029,7
1840,8120,9
1841,8015,3
1842,8076,2
1843,8075,1
1843,8090,10
1843,8006,8
1843,8148,1
1843,8083,5
1844,8097,10
1845,8075,8
1845,8060,10
1846,8027,8
1846,8129,4
1846,8050,4
1847,8124,6
1847,8072,2
1847,8095,4
1848,8059,10
1849,8001,4
1850,8143,5
1850,8020,7
1850,8103,9
1851,8010,3
1852,8026,2
1853,8077,2
1853,8051,6
1853,8121,1
1853,8072,7
1853,8149,4
1854,8047,2
1854,8037,2
1855,8055,2
1855,8090,1
1855,8004,3
1855,8085,4
1856,8113,6
1856,8065,3
1856,8031,4
1856,8024,4
1857,8006,9
1857,8002,4
1857,8136,7
1857,8051,8
1857,8074,2
1857,8116,1
1857,8086,10
1858,8118,9
1858,8144,3
1858,8081,8
1859,8062,1
1860,8139,4
1860,8021,9
1860,8017,10
1860,8030,6
1860,8101,10
1860,8093,10
1861,8038,2
1861,8072,5
1861,8077,7
1861,8093,5
1861,8136,6
1861,8006,5
1861,8147,8
1861,8147,6
1861,8040,4
1861,8028,6
1861,8061,10
1861,8016,3
1861,8027,5
1862,8122,10
1862,8053,8
1862,8137,9
1863,8081,5
1864,8070,2
1864,8094,8
1865,8052,4
1865,8121,4
1865,8080,7
1865,8049,10
1866,8096,3
1866,8073,4
1866,8028,8
1866,8049,7
1866,8003,9
1866,8120,5
1867,8025,1
1868,8053,1
1868,8034,5
1868,8036,4
1868,8060,7
1869,8099,2
1869,8048,9
1869,8008,5
1869,8031,8
1869,8084,4
1869,8101,9
1869,8139,7
1869,8116,7
1869,8071,9
1870,8000,5
1870,8007,3
1870,8059,9
1870,8064,8
1870,8050,10
1870,8083,1
1870,8096,2
1871,8070,7
1872,8133,2
1873,8013,5
1874,8041,10
1875,8050,3
1875,8009,10
1875,8130,7
1875,8145,5
1876,8056,7
1876,8049,10
1876,8031,2
1877,8052,1
1877,8105,4
1877,8124,9
1877,8023,1
1877,8106,3
1877,8129,9
1877,8103,6
1877,8095,2
1878,8000,1
1878,8046,6
1878,8037,5
1878,8055,2
1878,8024,9
1879,8043,4
1880,8098,6
1880,8090,2
1880,8133,6
1880,8085,5
1880,8023,6
1880,8107,4
1881,8076,7
1882,8093,5
1883,8129,4
1883,8099,2
1883,8127,2
1884,8060,1
1884,8053,2
1884,8066,10
1884,8004,10
1884,8019,5
1884,8076,1
1884,8114,1
1884,8030,4
1884,8056,4
1884,8113,7
1884,8101,3
1885,8014,2
1885,8147,5
1885,8055,4
1885,8096,9
1885,8087,1
1885,8133,3
1886,8033,2
1887,8043,4
1887,8071,10
1888,8037,10
1888,8050,2
1888,8081,8
1889,8143,3
1889,8057,2
1890,8143,1
1891,8081,1
1892,8002,7
1893,8139,4
1893,8108,7
1894,8118,5
1894,8046,3
1894,8002,3
1894,8010,2
1895,8022,3
1895,8013,6
1895,8091,4
1895,8037,9
1896,8133,10
1897,8087,2
1898,8086,9
1898,8015,2
1898,8024,4
1898,8141,3
1898,8100,4
1898,8109,5
1898,8030,7
1898,8042,8
1898,8095,1
1898,8067,3
1898,8053,7
1898,8134,1
1898,8081,9
1898,8001,4
1898,8042,4
1898,8052,1
1898,8054,6
1898,8099,8
1898,8140,9
1898,8035,4
1898,8037,2
1898,8005,7
1898,8095,1
1898,8006,10
1898,8073,10
1898,8111,10
1898,8000,5
1898,8018,4
1898,8078,1
1898,8044,4
1898,8114,2
1899,8080,1
1900,8083,2
1900,8128,2
1901,8131,2
1901,8011,6
1902,8058,7
1902,8128,5
1903,8039,1
1903,8113,1
1903,8071,9
1903,8132,2
1903,8094,1
1903,8084,5
1903,8131,9
1904,8004,5
1904,8071,3
1904,8039,7
1904,8070,8
1904,8084,8
1905,8010,7
1905,8027,6
1906,8144,3
1906,8097,3
1906,8060,5
1907,8036,8
1908,8097,7
1908,8043,6
1909,8082,8
1909,8131,1
1910,8044,10
1910,8004,10
1911,8026,5
1911,8066,2
1912,8022,8
1913,8069,8
1913,8050,7
1913,8121,10
1914,8072,4
1914,8060,6
1915,8078,5
1916,8006,6
1916,8106,1
1916,8143,5
1916,8034,9
1916,8089,4
1916,8085,4
1916,8085,3
1916,8111,2
1916,8140,9
1916,8024,8
1916,8093,3
1916,8046,5
1916,8125,1
1917,8061,4
1917,8099,3
1917,8132,8
1918,8077,8
1919,8031,2
1920,8088,7
1920,8001,8
1920,8141,7
1920,8035,3
1920,8011,7
1920,8035,7
1920,8027,2
1920,8094,5
1920,8106,4
1921,8102,3
1921,8055,10
1921,8023,2
1921,8092,6
1922,8042,4
1922,8053,2
1923,8146,6
1923,8060,2
1924,8078,5
1925,8095,10
1925,8007,8
1926,8053,3
1926,8002,2
1926,8047,7
1926,8092,3
1927,8074,9
1927,8132,9
1927,8095,4
1928,8094,3
1928,8139,9
1929,8137,10
1929,8142,3
1929,8045,9
1930,8116,8
1931,8018,4
1931,8014,3
1932,8105,8
1933,8075,7
1933,8057,1
1934,8078,9
1934,8024,4
1934,8141,3
1934,8149,1
1935,8008,7
1935,8147,10
1935,8134,3
1935,8035,2
1936,8105,10
1937,8144,1
1937,8068,8
1938,8015,10
1938,8004,4
1939,8143,7
1939,8036,10
1940,8082,6
1940,8125,3
1940,8003,6
1941,8091,3
1942,8129,1
1943,8043,4
1943,8127,3
1943,8128,2
1944,8084,8
1945,8087,5
1946,8068,4
1946,8024,7
1946,8010,10
1947,8040,6
1947,8070,1
1947,8108,9
1947,8077,7
1948,8079,9
1948,8092,5
1948,8058,9
1949,8002,7
1950,8055,6
1950,8134,8
1950,8016,1
1951,8106,9
1952,8126,3
1952,8135,9
1952,8124,1
1952,8129,7
1952,8095,4
1952,8055,6
1952,8030,7
1953,8075,10
1953,8018,2
1953,8114,9
1953,8118,10
1953,8045,9
1953,8045,1
1954,8013,2
1954,8126,9
1955,8123,9
1956,8061,4
1956,8074,9
1956,8052,8
1956,8031,3
1956,8097,9
1956,8086,9
1956,8080,4
1956,8013,8
1956,8032,2
1956,8134,4
1957,8005,1
1958,8015,9
1959,8052,6
1959,8012,9
1959,8042,9
1959,8132,9
1959,8030,8
1959,8123,3
1959,8142,3
1959,8086,6
1959,8072,10
1959,8068,6
1959,8129,3
1959,8125,7
1959,8036,5
1960,8104,10
1960,8125,5
1961,8022,2
1961,8005,7
1962,8057,3
1962,8063,4
1963,8045,2
1964,8131,3
1964,8100,7
1964,8070,10
1964,8133,9
1964,8054,8
1965,8145,3
1965,8045,9
1966,8092,1
1966,8099,9
1966,8134,10
1966,8088,4
1966,8022,1
1967,8033,3
1967,8144,3
1967,8070,1
1968,8011,5
1968,8040,10
1968,8045,2
1968,8012,5
1969,8134,8
1970,8149,2
1971,8104,2
1971,8038,5
1971,8022,9
1971,8026,9
1972,8096,1
1973,8083,7
1974,8060,4
1974,8148,8
1975,8081,10
1975,8109,5
1975,8008,3
1975,8003,5
1976,8046,6
1976,8064,1
1976,8042,7
1976,8086,2
1976,8074,4
1977,8041,2
1977,8091,5
1978,8135,3
1979,8016,6
1979,8114,7
1979,8137,7
1979,8140,9
1979,8149,8
1979,8097,10
1979,8019,2
1980,8139,1
1981,8015,8
1981,8040,7
1981,8137,5
1981,8060,5
1981,8141,4
1982,8110,1
1982,8103,7
1982,8111,6
1983,8132,3
1983,8081,7
1983,8110,9
1983,8117,1
1984,8063,1
1985,8025,1
1985,8076,10
1985,8053,8
1986,8067,1
1986,8007,10
1986,8109,6
1986,8138,3
1986,8006,6
1987,8067,6
1988,8038,7
1988,8087,1
1989,8038,4
1990,8098,2
1990,8084,10
1990,8045,2
1991,8143,9
1991,8038,6
1991,8005,7
1991,8070,9
1992,8136,5
1993,8069,10
1993,8042,8
1993,8113,7
1993,8146,6
1994,8081,2
1994,8020,3
1994,8039,3
1994,8066,2
1994,8133,6
1995,8095,10
1996,8053,10
1997,8110,4
1997,8061,6
1997,8098,7
1997,8109,8
1997,8042,8
1997,8097,10
1998,8034,10
1998,8120,6
1998,8083,4
1998,8002,6
1999,8091,4
1999,8082,10
1999,8024,6
1999,8096,6
1999,8049,3
1999,8065,7
1999,8133,1