order_id,customer_id,order_date,deliver_date
0,1006,2016-10-21,2016-10-31
1,1050,2016-10-21,2016-10-29
2,1152,2016-10-21,2016-10-27
3,1167,2016-10-21,2016-10-27
4,1191,2016-10-22,2016-10-27
5,1086,2016-10-22,2016-10-29
6,1141,2016-10-22,2016-10-27
7,1150,2016-10-23,2016-10-31
8,1109,2016-10-23,2016-10-29
9,1144,2016-10-23,2016-11-01
10,1009,2016-10-24,2016-10-24
11,1139,2016-10-24,2016-11-06
12,1151,2016-10-24,2016-10-28
13,1069,2016-10-25,2016-10-27
14,1035,2016-10-25,2016-10-28
15,1068,2016-10-25,2016-10-29
16,1146,2016-10-26,2016-11-01
17,1064,2016-10-26,2016-10-29
18,1025,2016-10-26,2016-10-29
19,1161,2016-10-26,2016-10-30
20,1090,2016-10-27,2016-10-29
21,1157,2016-10-28,2016-11-03
22,1001,2016-10-29,2016-11-05
23,1039,2016-10-30,2016-11-03
24,1083,2016-10-30,2016-11-10
25,1132,2016-10-30,2016-11-06
26,1133,2016-10-31,2016-11-07
27,1097,2016-10-31,2016-11-07
28,1086,2016-10-31,2016-11-09
29,1189,2016-10-31,2016-11-09
30,1042,2016-11-01,2016-11-07
31,1131,2016-11-01,2016-11-08
32,1164,2016-11-01,2016-11-08
33,1065,2016-11-02,2016-11-09
34,1106,2016-11-02,2016-11-07
35,1020,2016-11-02,2016-11-07
36,1052,2016-11-02,2016-11-14
37,1060,2016-11-02,2016-11-06
38,1027,2016-11-02,2016-11-10
39,1006,2016-11-03,2016-11-08
40,1083,2016-11-03,2016-11-10
41,1181,2016-11-04,2016-11-12
42,1054,2016-11-04,2016-11-09
43,1198,2016-11-05,2016-11-09
44,1124,2016-11-06,2016-11-12
45,1042,2016-11-07,2016-11-10
46,1101,2016-11-07,2016-11-12
47,1180,2016-11-08,2016-11-13
48,1169,2016-11-08,2016-11-14
49,1120,2016-11-08,2016-11-14
50,1170,2016-11-08,2016-11-14
51,1106,2016-11-09,2016-11-16
52,1023,2016-11-10,2016-11-16
53,1085,2016-11-11,2016-11-15
54,1100,2016-11-12,2016-11-18
55,1122,2016-11-12,2016-11-18
56,1120,2016-11-13,2016-11-22
57,1027,2016-11-14,2016-11-17
58,1157,2016-11-14,2016-11-24
59,1026,2016-11-16,2016-11-21
60,1196,2016-11-16,2016-11-21
61,1119,2016-11-18,2016-11-25
62,1088,2016-11-18,2016-11-26
63,1113,2016-11-18,2016-11-23
64,1131,2016-11-19,2016-11-27
65,1159,2016-11-19,2016-11-30
66,1085,2016-11-19,2016-11-25
67,1083,2016-11-20,2016-11-24
68,1034,2016-11-20,2016-11-23
69,1092,2016-11-20,2016-11-24
70,1046,2016-11-21,2016-11-29
71,1079,2016-11-21,2016-11-23
72,1045,2016-11-21,2016-11-26
73,1107,2016-11-21,2016-11-25
74,1128,2016-11-23,2016-12-06
75,1173,2016-11-23,2016-11-26
76,1090,2016-11-23,2016-12-04
77,1184,2016-11-23,2016-11-29
78,1014,2016-11-24,2016-12-04
79,1166,2016-11-25,2016-11-28
80,1146,2016-11-25,2016-12-03
81,1176,2016-11-25,2016-12-03
82,1058,2016-11-26,2016-12-02
83,1066,2016-11-27,2016-12-01
84,1063,2016-11-27,2016-12-02
85,1198,2016-11-28,2016-12-05
86,1112,2016-11-28,2016-12-04
87,1029,2016-11-28,2016-12-06
88,1143,2016-11-30,2016-12-05
89,1093,2016-12-01,2016-12-08
90,1064,2016-12-01,2016-12-10
91,1119,2016-12-02,2016-12-09
92,1092,2016-12-02,2016-12-09
93,1194,2016-12-02,2016-12-09
94,1133,2016-12-02,2016-12-06
95,1029,2016-12-02,2016-12-07
96,1092,2016-12-02,2016-12-07
97,1162,2016-12-03,2016-12-08
98,1077,2016-12-04,2016-12-07
99,1045,2016-12-04,2016-12-10
100,1064,2016-12-05,2016-12-12
101,1064,2016-12-05,2016-12-12
102,1073,2016-12-05,2016-12-08
103,1071,2016-12-06,2016-12-12
104,1055,2016-12-06,2016-12-11
105,1114,2016-12-06,2016-12-11
106,1100,2016-12-06,2016-12-11
107,1199,2016-12-06,2016-12-09
108,1193,2016-12-07,2016-12-12
109,1045,2016-12-07,2016-12-10
110,1049,2016-12-07,2016-12-12
111,1012,2016-12-07,2016-12-14
112,1044,2016-12-07,2016-12-20
113,1055,2016-12-08,2016-12-14
114,1156,2016-12-08,2016-12-14
115,1135,2016-12-09,2016-12-12
116,1101,2016-12-09,2016-12-17
117,1000,2016-12-10,2016-12-16
118,1027,2016-12-10,2016-12-14
119,1099,2016-12-10,2016-12-16
120,1104,2016-12-10,2016-12-17
121,1109,2016-12-11,2016-12-18
122,1028,2016-12-11,2016-12-17
123,1062,2016-12-11,2016-12-14
124,1165,2016-12-12,2016-12-18
125,1101,2016-12-12,2016-12-13
126,1077,2016-12-12,2016-12-19
127,1086,2016-12-12,2016-12-21
128,1049,2016-12-12,2016-12-14
129,1053,2016-12-13,2016-12-19
130,1142,2016-12-13,2016-12-19
131,1082,2016-12-13,2016-12-20
132,1037,2016-12-14,2016-12-18
133,1176,2016-12-15,2016-12-20
134,1035,2016-12-15,2016-12-22
135,1183,2016-12-16,2016-12-22
136,1188,2016-12-16,2016-12-19
137,1160,2016-12-16,2016-12-22
138,1105,2016-12-17,2016-12-28
139,1112,2016-12-17,2016-12-21
140,1010,2016-12-17,2016-12-19
141,1190,2016-12-17,2016-12-20
142,1084,2016-12-17,2016-12-21
143,1003,2016-12-18,2016-12-22
144,1178,2016-12-19,2016-12-27
145,1145,2016-12-20,2016-12-23
146,1081,2016-12-20,2016-12-24
147,1118,2016-12-20,2016-12-25
148,1013,2016-12-21,2016-12-28
149,1128,2016-12-21,2016-12-28
150,1102,2016-12-22,2016-12-30
151,1107,2016-12-22,2016-12-23
152,1011,2016-12-24,2016-12-29
153,1111,2016-12-24,2016-12-29
154,1186,2016-12-24,2016-12-30
155,1047,2016-12-25,2017-01-01
156,1173,2016-12-25,2017-01-02
157,1195,2016-12-25,2016-12-27
158,1038,2016-12-26,2016-12-29
159,1049,2016-12-26,2016-12-31
160,1089,2016-12-26,2017-01-01
161,1082,2016-12-26,2016-12-28
162,1076,2016-12-27,2017-01-02
163,1051,2016-12-27,2017-01-05
164,1133,2016-12-27,2017-01-01
165,1039,2016-12-30,2017-01-06
166,1073,2016-12-30,2017-01-02
167,1059,2016-12-30,2017-01-03
168,1127,2016-12-31,2017-01-07
169,1159,2016-12-31,2017-01-02
170,1100,2017-01-01,2017-01-05
171,1095,2017-01-01,2017-01-08
172,1022,2017-01-01,2017-01-03
173,1199,2017-01-01,2017-01-06
174,1088,2017-01-02,2017-01-07
175,1122,2017-01-02,2017-01-04
176,1133,2017-01-02,2017-01-08
177,1094,2017-01-02,2017-01-07
178,1140,2017-01-02,2017-01-07
179,1158,2017-01-03,2017-01-09
180,1087,2017-01-03,2017-01-19
181,1170,2017-01-03,2017-01-10
182,1168,2017-01-03,2017-01-07
183,1011,2017-01-03,2017-01-09
184,1153,2017-01-04,2017-01-07
185,1118,2017-01-05,2017-01-11
186,1140,2017-01-05,2017-01-05
187,1090,2017-01-05,2017-01-11
188,1093,2017-01-06,2017-01-10
189,1071,2017-01-06,2017-01-14
190,1164,2017-01-06,2017-01-12
191,1164,2017-01-06,2017-01-15
192,1036,2017-01-06,2017-01-12
193,1033,2017-01-06,2017-01-10
194,1164,2017-01-06,2017-01-11
195,1129,2017-01-07,2017-01-13
196,1150,2017-01-07,2017-01-16
197,1164,2017-01-08,2017-01-12
198,1040,2017-01-09,2017-01-16
199,1002,2017-01-09,2017-01-13
200,1151,2017-01-10,2017-01-16
201,1075,2017-01-10,2017-01-19
202,1143,2017-01-11,2017-01-16
203,1054,2017-01-12,2017-01-17
204,1003,2017-01-12,2017-01-17
205,1191,2017-01-13,2017-01-21
206,1024,2017-01-13,2017-01-17
207,1059,2017-01-13,2017-01-20
208,1093,2017-01-14,2017-01-21
209,1074,2017-01-14,2017-01-17
210,1056,2017-01-14,2017-01-17
211,1077,2017-01-14,2017-01-20
212,1190,2017-01-15,2017-01-21
213,1107,2017-01-15,2017-01-23
214,1066,2017-01-16,2017-01-23
215,1019,2017-01-16,2017-01-19
216,1110,2017-01-16,2017-01-20
217,1104,2017-01-16,2017-01-19
218,1031,2017-01-16,2017-01-21
219,1181,2017-01-16,2017-01-21
220,1017,2017-01-16,2017-01-22
221,1147,2017-01-17,2017-01-22
222,1017,2017-01-17,2017-01-23
223,1106,2017-01-17,2017-01-22
224,1075,2017-01-17,2017-01-19
225,1034,2017-01-18,2017-01-23
226,1143,2017-01-18,2017-01-26
227,1117,2017-01-18,2017-01-20
228,1030,2017-01-19,2017-01-22
229,1040,2017-01-19,2017-01-27
230,1170,2017-01-19,2017-01-23
231,1002,2017-01-19,2017-01-30
232,1035,2017-01-20,2017-01-24
233,1002,2017-01-20,2017-01-24
234,1109,2017-01-20,2017-01-22
235,1078,2017-01-21,2017-01-30
236,1136,2017-01-22,2017-01-29
237,1012,2017-01-22,2017-01-26
238,1118,2017-01-22,2017-01-31
239,1124,2017-01-22,2017-01-25
240,1029,2017-01-23,2017-01-26
241,1027,2017-01-23,2017-01-25
242,1082,2017-01-23,2017-01-29
243,1082,2017-01-24,2017-01-27
244,1061,2017-01-24,2017-01-28
245,1177,2017-01-24,2017-01-30
246,1103,2017-01-25,2017-01-31
247,1086,2017-01-25,2017-01-31
248,1107,2017-01-25,2017-02-02
249,1083,2017-01-25,2017-02-04
250,1184,2017-01-25,2017-02-01
251,1051,2017-01-25,2017-01-31
252,1180,2017-01-26,2017-01-31
253,1061,2017-01-26,2017-02-01
254,1092,2017-01-26,2017-02-02
255,1148,2017-01-27,2017-02-05
256,1063,2017-01-27,2017-01-31
257,1168,2017-01-27,2017-02-03
258,1097,2017-01-27,2017-02-02
259,1170,2017-01-28,2017-02-04
260,1033,2017-01-28,2017-02-03
261,1087,2017-01-28,2017-01-31
262,1001,2017-01-28,2017-02-05
263,1024,2017-01-29,2017-02-03
264,1149,2017-01-30,2017-02-08
265,1003,2017-01-30,2017-02-06
266,1042,2017-01-30,2017-02-07
267,1174,2017-01-31,2017-02-06
268,1123,2017-02-02,2017-02-12
269,1042,2017-02-02,2017-02-08
270,1092,2017-02-02,2017-02-06
271,1029,2017-02-03,2017-02-07
272,1191,2017-02-03,2017-02-11
273,1081,2017-02-03,2017-02-10
274,1026,2017-02-04,2017-02-11
275,1167,2017-02-04,2017-02-06
276,1001,2017-02-04,2017-02-08
277,1170,2017-02-04,2017-02-07
278,1033,2017-02-05,2017-02-11
279,1040,2017-02-05,2017-02-11
280,1161,2017-02-06,2017-02-13
281,1167,2017-02-07,2017-02-11
282,1163,2017-02-07,2017-02-12
283,1130,2017-02-08,2017-02-11
284,1036,2017-02-09,2017-02-12
285,1020,2017-02-09,2017-02-15
286,1161,2017-02-10,2017-02-18
287,1121,2017-02-10,2017-02-18
288,1027,2017-02-10,2017-02-14
289,1009,2017-02-10,2017-02-14
290,1029,2017-02-10,2017-02-16
291,1110,2017-02-12,2017-02-15
292,1183,2017-02-12,2017-02-17
293,1068,2017-02-13,2017-02-19
294,1021,2017-02-13,2017-02-20
295,1034,2017-02-13,2017-02-22
296,1030,2017-02-14,2017-02-21
297,1120,2017-02-14,2017-02-22
298,1175,2017-02-15,2017-02-19
299,1077,2017-02-15,2017-02-21
300,1048,2017-02-15,2017-02-19
301,1185,2017-02-16,2017-02-23
302,1016,2017-02-16,2017-02-27
303,1072,2017-02-16,2017-02-23
304,1187,2017-02-16,2017-02-21
305,1014,2017-02-16,2017-02-23
306,1011,2017-02-16,2017-02-25
307,1135,2017-02-16,2017-02-25
308,1159,2017-02-16,2017-02-22
309,1115,2017-02-17,2017-02-23
310,1149,2017-02-18,2017-02-27
311,1093,2017-02-18,2017-02-25
312,1004,2017-02-19,2017-02-27
313,1159,2017-02-20,2017-02-24
314,1168,2017-02-20,2017-02-24
315,1129,2017-02-20,2017-03-01
316,1017,2017-02-21,2017-02-26
317,1097,2017-02-22,2017-02-26
318,1109,2017-02-22,2017-03-03
319,1181,2017-02-22,2017-02-25
320,1038,2017-02-22,2017-02-27
321,1159,2017-02-22,2017-02-27
322,1138,2017-02-23,2017-03-05
323,1188,2017-02-23,2017-02-26
324,1117,2017-02-23,2017-03-02
325,1110,2017-02-24,2017-02-26
326,1021,2017-02-24,2017-03-01
327,1067,2017-02-24,2017-03-01
328,1007,2017-02-24,2017-03-02
329,1100,2017-02-24,2017-03-01
330,1167,2017-02-24,2017-03-01
331,1052,2017-02-24,2017-02-26
332,1128,2017-02-25,2017-03-02
333,1055,2017-02-25,2017-03-09
334,1082,2017-02-25,2017-03-03
335,1150,2017-02-26,2017-03-03
336,1070,2017-02-27,2017-03-05
337,1003,2017-02-27,2017-02-28
338,1110,2017-02-28,2017-03-08
339,1008,2017-02-28,2017-03-06
340,1003,2017-03-01,2017-03-10
341,1198,2017-03-01,2017-03-07
342,1078,2017-03-01,2017-03-11
343,1095,2017-03-01,2017-03-05
344,1060,2017-03-02,2017-03-07
345,1159,2017-03-02,2017-03-04
346,1080,2017-03-03,2017-03-11
347,1178,2017-03-04,2017-03-10
348,1115,2017-03-04,2017-03-08
349,1166,2017-03-04,2017-03-08
350,1141,2017-03-04,2017-03-14
351,1046,2017-03-04,2017-03-10
352,1148,2017-03-04,2017-03-10
353,1019,2017-03-04,2017-03-07
354,1104,2017-03-05,2017-03-14
355,1100,2017-03-05,2017-03-11
356,1141,2017-03-05,2017-03-13
357,1168,2017-03-05,2017-03-11
358,1108,2017-03-05,2017-03-11
359,1160,2017-03-05,2017-03-11
360,1100,2017-03-06,2017-03-11
361,1160,2017-03-06,2017-03-12
362,1004,2017-03-07,2017-03-10
363,1099,2017-03-08,2017-03-13
364,1139,2017-03-09,2017-03-20
365,1087,2017-03-09,2017-03-19
366,1047,2017-03-10,2017-03-18
367,1057,2017-03-10,2017-03-16
368,1049,2017-03-10,2017-03-17
369,1064,2017-03-10,2017-03-19
370,1065,2017-03-11,2017-03-14
371,1043,2017-03-11,2017-03-17
372,1068,2017-03-11,2017-03-14
373,1067,2017-03-11,2017-03-17
374,1191,2017-03-11,2017-03-19
375,1047,2017-03-12,2017-03-21
376,1103,2017-03-13,2017-03-16
377,1080,2017-03-14,2017-03-21
378,1089,2017-03-15,2017-03-21
379,1135,2017-03-15,2017-03-24
380,1108,2017-03-15,2017-03-22
381,1157,2017-03-16,2017-03-17
382,1070,2017-03-16,2017-03-22
383,1099,2017-03-16,2017-03-24
384,1133,2017-03-16,2017-03-20
385,1111,2017-03-16,2017-03-22
386,1033,2017-03-16,2017-03-23
387,1026,2017-03-17,2017-03-19
388,1136,2017-03-18,2017-03-24
389,1047,2017-03-18,2017-03-27
390,1000,2017-03-18,2017-03-23
391,1190,2017-03-18,2017-03-24
392,1139,2017-03-18,2017-03-26
393,1019,2017-03-19,2017-03-26
394,1106,2017-03-19,2017-03-27
395,1027,2017-03-20,2017-03-28
396,1179,2017-03-20,2017-03-26
397,1031,2017-03-21,2017-03-31
398,1132,2017-03-21,2017-03-27
399,1160,2017-03-22,2017-03-31
400,1166,2017-03-22,2017-03-25
401,1126,2017-03-22,2017-03-29
402,1043,2017-03-23,2017-03-27
403,1023,2017-03-23,2017-03-29
404,1120,2017-03-24,2017-04-02
405,1175,2017-03-24,2017-04-01
406,1009,2017-03-25,2017-04-01
407,1044,2017-03-25,2017-03-31
408,1115,2017-03-25,2017-03-30
409,1165,2017-03-25,2017-04-01
410,1059,2017-03-27,2017-04-02
411,1196,2017-03-27,2017-04-01
412,1054,2017-03-27,2017-04-01
413,1103,2017-03-28,2017-04-01
414,1025,2017-03-28,2017-03-30
415,1106,2017-03-28,2017-04-02
416,1033,2017-03-28,2017-04-06
417,1053,2017-03-28,2017-04-05
418,1164,2017-03-28,2017-04-01
419,1009,2017-03-29,2017-04-01
420,1177,2017-03-29,2017-04-02
421,1130,2017-03-30,2017-04-04
422,1129,2017-03-30,2017-04-04
423,1071,2017-03-30,2017-04-03
424,1119,2017-03-31,2017-04-06
425,1189,2017-03-31,2017-04-07
426,1052,2017-03-31,2017-04-07
427,1190,2017-03-31,2017-04-09
428,1193,2017-03-31,2017-04-05
429,1025,2017-04-03,2017-04-10
430,1145,2017-04-03,2017-04-07
431,1096,2017-04-04,2017-04-11
432,1025,2017-04-04,2017-04-12
433,1114,2017-04-04,2017-04-09
434,1002,2017-04-05,2017-04-12
435,1150,2017-04-05,2017-04-12
436,1021,2017-04-05,2017-04-14
437,1016,2017-04-05,2017-04-13
438,1027,2017-04-05,2017-04-15
439,1181,2017-04-06,2017-04-13
440,1038,2017-04-06,2017-04-16
441,1195,2017-04-07,2017-04-17
442,1067,2017-04-07,2017-04-11
443,1146,2017-04-08,2017-04-17
444,1179,2017-04-08,2017-04-13
445,1012,2017-04-08,2017-04-12
446,1075,2017-04-08,2017-04-19
447,1158,2017-04-08,2017-04-12
448,1051,2017-04-09,2017-04-15
449,1087,2017-04-09,2017-04-15
450,1037,2017-04-09,2017-04-14
451,1091,2017-04-10,2017-04-15
452,1085,2017-04-10,2017-04-16
453,1040,2017-04-11,2017-04-17
454,1101,2017-04-11,2017-04-17
455,1023,2017-04-12,2017-04-20
456,1198,2017-04-12,2017-04-16
457,1155,2017-04-13,2017-04-21
458,1142,2017-04-13,2017-04-16
459,1032,2017-04-15,2017-04-27
460,1199,2017-04-15,2017-04-21
461,1011,2017-04-15,2017-04-21
462,1049,2017-04-16,2017-04-24
463,1150,2017-04-16,2017-04-20
464,1077,2017-04-16,2017-04-20
465,1082,2017-04-16,2017-04-26
466,1110,2017-04-17,2017-04-21
467,1007,2017-04-17,2017-04-21
468,1029,2017-04-18,2017-04-27
469,1090,2017-04-18,2017-04-23
470,1013,2017-04-18,2017-04-20
471,1119,2017-04-18,2017-04-28
472,1126,2017-04-18,2017-04-22
473,1180,2017-04-19,2017-04-22
474,1143,2017-04-19,2017-04-27
475,1072,2017-04-19,2017-04-29
476,1150,2017-04-20,2017-04-23
477,1118,2017-04-20,2017-04-26
478,1088,2017-04-20,2017-04-24
479,1115,2017-04-20,2017-04-27
480,1072,2017-04-20,2017-04-29
481,1008,2017-04-21,2017-05-01
482,1098,2017-04-21,2017-04-24
483,1128,2017-04-22,2017-04-26
484,1137,2017-04-22,2017-04-26
485,1070,2017-04-22,2017-04-26
486,1195,2017-04-23,2017-04-30
487,1133,2017-04-23,2017-04-27
488,1199,2017-04-24,2017-04-26
489,1016,2017-04-24,2017-04-26
490,1055,2017-04-25,2017-04-29
491,1104,2017-04-25,2017-04-28
492,1101,2017-04-26,2017-05-01
493,1092,2017-04-26,2017-05-01
494,1168,2017-04-27,2017-05-03
495,1037,2017-04-27,2017-05-03
496,1143,2017-04-27,2017-05-02
497,1135,2017-04-28,2017-05-04
498,1012,2017-04-28,2017-05-06
499,1052,2017-04-28,2017-05-05
500,1029,2017-04-28,2017-05-07
501,1177,2017-04-29,2017-05-02
502,1103,2017-04-29,2017-05-05
503,1145,2017-04-29,2017-05-03
504,1106,2017-05-02,2017-05-14
505,1119,2017-05-02,2017-05-05
506,1170,2017-05-02,2017-05-08
507,1120,2017-05-03,2017-05-09
508,1117,2017-05-03,2017-05-11
509,1155,2017-05-03,2017-05-10
510,1156,2017-05-03,2017-05-08
511,1198,2017-05-04,2017-05-11
512,1108,2017-05-04,2017-05-08
513,1101,2017-05-04,2017-05-09
514,1137,2017-05-04,2017-05-11
515,1068,2017-05-05,2017-05-12
516,1097,2017-05-05,2017-05-11
517,1027,2017-05-05,2017-05-06
518,1177,2017-05-06,2017-05-17
519,1128,2017-05-07,2017-05-13
520,1160,2017-05-07,2017-05-12
521,1022,2017-05-08,2017-05-11
522,1114,2017-05-09,2017-05-14
523,1191,2017-05-09,2017-05-13
524,1160,2017-05-09,2017-05-15
525,1056,2017-05-09,2017-05-13
526,1194,2017-05-10,2017-05-19
527,1017,2017-05-10,2017-05-16
528,1136,2017-05-11,2017-05-17
529,1068,2017-05-11,2017-05-18
530,1192,2017-05-11,2017-05-16
531,1023,2017-05-12,2017-05-17
532,1122,2017-05-12,2017-05-16
533,1060,2017-05-12,2017-05-15
534,1119,2017-05-12,2017-05-16
535,1143,2017-05-13,2017-05-19
536,1015,2017-05-13,2017-05-24
537,1126,2017-05-13,2017-05-25
538,1028,2017-05-14,2017-05-22
539,1071,2017-05-14,2017-05-21
540,1163,2017-05-15,2017-05-23
541,1103,2017-05-15,2017-05-21
542,1144,2017-05-15,2017-05-21
543,1139,2017-05-15,2017-05-19
544,1097,2017-05-15,2017-05-18
545,1014,2017-05-16,2017-05-27
546,1010,2017-05-16,2017-05-20
547,1133,2017-05-17,2017-05-23
548,1042,2017-05-17,2017-05-20
549,1048,2017-05-17,2017-05-24
550,1068,2017-05-17,2017-05-26
551,1015,2017-05-17,2017-05-23
552,1091,2017-05-18,2017-05-23
553,1037,2017-05-18,2017-05-23
554,1079,2017-05-19,2017-05-23
555,1184,2017-05-19,2017-05-23
556,1063,2017-05-19,2017-05-24
557,1022,2017-05-20,2017-05-23
558,1143,2017-05-21,2017-05-27
559,1177,2017-05-21,2017-05-26
560,1186,2017-05-21,2017-05-23
561,1136,2017-05-21,2017-06-01
562,1124,2017-05-22,2017-05-29
563,1100,2017-05-22,2017-05-29
564,1097,2017-05-22,2017-05-27
565,1192,2017-05-23,2017-05-26
566,1129,2017-05-23,2017-05-28
567,1074,2017-05-24,2017-06-01
568,1107,2017-05-25,2017-06-01
569,1141,2017-05-25,2017-05-29
570,1139,2017-05-25,2017-06-02
571,1001,2017-05-26,2017-05-30
572,1058,2017-05-26,2017-06-04
573,1188,2017-05-27,2017-05-30
574,1193,2017-05-27,2017-06-04
575,1006,2017-05-27,2017-06-03
576,1091,2017-05-28,2017-06-02
577,1157,2017-05-29,2017-06-03
578,1186,2017-05-29,2017-06-02
579,1077,2017-05-29,2017-06-04
580,1134,2017-05-30,2017-06-03
581,1107,2017-05-31,2017-06-06
582,1014,2017-06-01,2017-06-02
583,1054,2017-06-02,2017-06-08
584,1093,2017-06-02,2017-06-09
585,1154,2017-06-02,2017-06-10
586,1053,2017-06-03,2017-06-08
587,1013,2017-06-03,2017-06-10
588,1190,2017-06-03,2017-06-12
589,1022,2017-06-04,2017-06-10
590,1070,2017-06-04,2017-06-09
591,1089,2017-06-04,2017-06-12
592,1067,2017-06-05,2017-06-11
593,1030,2017-06-06,2017-06-11
594,1141,2017-06-07,2017-06-14
595,1040,2017-06-08,2017-06-13
596,1134,2017-06-08,2017-06-16
597,1120,2017-06-08,2017-06-17
598,1061,2017-06-08,2017-06-12
599,1035,2017-06-09,2017-06-19
600,1013,2017-06-09,2017-06-11
601,1048,2017-06-09,2017-06-16
602,1116,2017-06-09,2017-06-11
603,1051,2017-06-10,2017-06-15
604,1023,2017-06-10,2017-06-17
605,1118,2017-06-11,2017-06-20
606,1147,2017-06-11,2017-06-19
607,1181,2017-06-11,2017-06-20
608,1049,2017-06-12,2017-06-20
609,1061,2017-06-12,2017-06-21
610,1195,2017-06-13,2017-06-18
611,1006,2017-06-13,2017-06-16
612,1097,2017-06-14,2017-06-17
613,1173,2017-06-14,2017-06-19
614,1135,2017-06-14,2017-06-19
615,1185,2017-06-14,2017-06-21
616,1149,2017-06-14,2017-06-22
617,1071,2017-06-14,2017-06-19
618,1058,2017-06-14,2017-06-17
619,1155,2017-06-15,2017-06-21
620,1192,2017-06-15,2017-06-20
621,1142,2017-06-15,2017-06-20
622,1026,2017-06-16,2017-06-21
623,1115,2017-06-16,2017-06-23
624,1175,2017-06-17,2017-06-22
625,1037,2017-06-17,2017-06-22
626,1056,2017-06-17,2017-06-22
627,1037,2017-06-18,2017-06-24
628,1127,2017-06-18,2017-06-26
629,1000,2017-06-18,2017-06-22
630,1024,2017-06-18,2017-06-23
631,1122,2017-06-18,2017-06-24
632,1118,2017-06-19,2017-06-24
633,1028,2017-06-19,2017-06-29
634,1037,2017-06-19,2017-06-24
635,1155,2017-06-19,2017-06-24
636,1108,2017-06-20,2017-06-25
637,1122,2017-06-20,2017-06-29
638,1066,2017-06-20,2017-06-27
639,1042,2017-06-20,2017-06-25
640,1082,2017-06-22,2017-06-30
641,1038,2017-06-23,2017-07-02
642,1021,2017-06-23,2017-06-26
643,1030,2017-06-23,2017-06-26
644,1174,2017-06-23,2017-06-27
645,1118,2017-06-25,2017-06-28
646,1168,2017-06-26,2017-07-03
647,1019,2017-06-26,2017-07-01
648,1127,2017-06-26,2017-07-04
649,1088,2017-06-26,2017-07-03
650,1112,2017-06-27,2017-07-07
651,1050,2017-06-27,2017-07-04
652,1010,2017-06-27,2017-07-01
653,1123,2017-06-27,2017-07-03
654,1090,2017-06-27,2017-07-04
655,1123,2017-06-28,2017-07-01
656,1069,2017-06-29,2017-07-02
657,1158,2017-06-29,2017-07-07
658,1077,2017-06-30,2017-07-04
659,1104,2017-06-30,2017-07-06
660,1156,2017-06-30,2017-07-06
661,1128,2017-06-30,2017-07-03
662,1159,2017-06-30,2017-07-03
663,1106,2017-06-30,2017-07-07
664,1062,2017-06-30,2017-07-07
665,1084,2017-07-01,2017-07-05
666,1059,2017-07-01,2017-07-05
667,1081,2017-07-02,2017-07-11
668,1138,2017-07-02,2017-07-04
669,1120,2017-07-02,2017-07-07
670,1169,2017-07-02,2017-07-05
671,1132,2017-07-03,2017-07-07
672,1057,2017-07-04,2017-07-07
673,1131,2017-07-04,2017-07-10
674,1115,2017-07-05,2017-07-11
675,1178,2017-07-06,2017-07-12
676,1101,2017-07-06,2017-07-13
677,1117,2017-07-08,2017-07-16
678,1186,2017-07-08,2017-07-15
679,1015,2017-07-08,2017-07-13
680,1059,2017-07-08,2017-07-15
681,1131,2017-07-08,2017-07-16
682,1087,2017-07-08,2017-07-15
683,1153,2017-07-09,2017-07-15
684,1073,2017-07-09,2017-07-14
685,1161,2017-07-09,2017-07-17
686,1143,2017-07-09,2017-07-17
687,1185,2017-07-09,2017-07-16
688,1190,2017-07-09,2017-07-14
689,1025,2017-07-09,2017-07-15
690,1011,2017-07-10,2017-07-21
691,1031,2017-07-10,2017-07-17
692,1167,2017-07-10,2017-07-19
693,1187,2017-07-10,2017-07-15
694,1124,2017-07-10,2017-07-19
695,1128,2017-07-11,2017-07-16
696,1142,2017-07-11,2017-07-15
697,1072,2017-07-11,2017-07-15
698,1054,2017-07-12,2017-07-21
699,1163,2017-07-12,2017-07-14
700,1098,2017-07-13,2017-07-18
701,1152,2017-07-14,2017-07-21
702,1136,2017-07-15,2017-07-18
703,1017,2017-07-15,2017-07-21
704,1040,2017-07-16,2017-07-20
705,1058,2017-07-17,2017-07-23
706,1029,2017-07-17,2017-07-21
707,1091,2017-07-18,2017-07-18
708,1074,2017-07-18,2017-07-20
709,1001,2017-07-18,2017-07-25
710,1169,2017-07-18,2017-07-25
711,1146,2017-07-19,2017-07-27
712,1028,2017-07-20,2017-07-23
713,1103,2017-07-20,2017-07-25
714,1100,2017-07-20,2017-07-25
715,1055,2017-07-20,2017-07-28
716,1037,2017-07-20,2017-07-27
717,1160,2017-07-20,2017-07-25
718,1095,2017-07-21,2017-07-27
719,1075,2017-07-22,2017-07-23
720,1034,2017-07-22,2017-07-25
721,1181,2017-07-22,2017-07-28
722,1102,2017-07-22,2017-07-27
723,1032,2017-07-23,2017-07-25
724,1004,2017-07-23,2017-07-31
725,1040,2017-07-23,2017-07-29
726,1018,2017-07-24,2017-07-30
727,1191,2017-07-24,2017-07-30
728,1014,2017-07-25,2017-07-30
729,1162,2017-07-25,2017-07-31
730,1104,2017-07-25,2017-08-01
731,1140,2017-07-26,2017-08-01
732,1006,2017-07-26,2017-08-03
733,1105,2017-07-26,2017-07-27
734,1104,2017-07-27,2017-08-03
735,1162,2017-07-27,2017-08-04
736,1077,2017-07-27,2017-08-01
737,1034,2017-07-27,2017-08-05
738,1022,2017-07-28,2017-07-31
739,1120,2017-07-28,2017-08-03
740,1167,2017-07-28,2017-07-31
741,1051,2017-07-28,2017-08-03
742,1019,2017-07-29,2017-08-08
743,1145,2017-07-29,2017-08-01
744,1190,2017-07-29,2017-08-04
745,1187,2017-07-29,2017-08-03
746,1007,2017-07-29,2017-08-05
747,1189,2017-07-30,2017-08-04
748,1074,2017-07-30,2017-08-08
749,1078,2017-07-31,2017-08-06
750,1107,2017-07-31,2017-08-07
751,1076,2017-07-31,2017-08-09
752,1089,2017-07-31,2017-08-06
753,1158,2017-08-01,2017-08-08
754,1023,2017-08-03,2017-08-09
755,1086,2017-08-03,2017-08-12
756,1102,2017-08-03,2017-08-05
757,1121,2017-08-03,2017-08-08
758,1124,2017-08-03,2017-08-09
759,1139,2017-08-04,2017-08-10
760,1010,2017-08-04,2017-08-08
761,1138,2017-08-04,2017-08-08
762,1078,2017-08-04,2017-08-14
763,1088,2017-08-04,2017-08-11
764,1125,2017-08-05,2017-08-10
765,1098,2017-08-05,2017-08-13
766,1084,2017-08-05,2017-08-13
767,1146,2017-08-05,2017-08-09
768,1043,2017-08-05,2017-08-07
769,1085,2017-08-06,2017-08-11
770,1124,2017-08-06,2017-08-11
771,1184,2017-08-06,2017-08-14
772,1086,2017-08-06,2017-08-10
773,1147,2017-08-07,2017-08-13
774,1016,2017-08-07,2017-08-11
775,1085,2017-08-07,2017-08-14
776,1019,2017-08-08,2017-08-11
777,1032,2017-08-08,2017-08-11
778,1177,2017-08-09,2017-08-17
779,1034,2017-08-09,2017-08-18
780,1172,2017-08-10,2017-08-19
781,1008,2017-08-10,2017-08-15
782,1080,2017-08-10,2017-08-15
783,1132,2017-08-11,2017-08-16
784,1043,2017-08-11,2017-08-17
785,1186,2017-08-11,2017-08-21
786,1167,2017-08-11,2017-08-17
787,1078,2017-08-11,2017-08-18
788,1112,2017-08-12,2017-08-17
789,1178,2017-08-12,2017-08-15
790,1111,2017-08-12,2017-08-21
791,1038,2017-08-12,2017-08-18
792,1164,2017-08-13,2017-08-17
793,1159,2017-08-14,2017-08-18
794,1000,2017-08-15,2017-08-24
795,1111,2017-08-15,2017-08-22
796,1139,2017-08-15,2017-08-27
797,1088,2017-08-15,2017-08-25
798,1103,2017-08-16,2017-08-18
799,1046,2017-08-17,2017-08-22
800,1008,2017-08-17,2017-08-21
801,1199,2017-08-17,2017-08-25
802,1131,2017-08-18,2017-08-26
803,1121,2017-08-20,2017-08-25
804,1045,2017-08-20,2017-08-27
805,1094,2017-08-20,2017-08-23
806,1157,2017-08-21,2017-08-27
807,1050,2017-08-21,2017-08-29
808,1118,2017-08-22,2017-08-28
809,1195,2017-08-23,2017-08-31
810,1140,2017-08-23,2017-08-26
811,1120,2017-08-23,2017-08-31
812,1099,2017-08-23,2017-08-28
813,1044,2017-08-24,2017-08-29
814,1079,2017-08-25,2017-09-01
815,1086,2017-08-25,2017-08-30
816,1161,2017-08-26,2017-08-29
817,1177,2017-08-26,2017-09-01
818,1044,2017-08-26,2017-09-05
819,1169,2017-08-26,2017-08-31
820,1162,2017-08-27,2017-09-03
821,1027,2017-08-27,2017-09-06
822,1036,2017-08-28,2017-09-04
823,1071,2017-08-28,2017-09-04
824,1051,2017-08-29,2017-09-01
825,1071,2017-08-29,2017-09-01
826,1167,2017-08-29,2017-09-05
827,1112,2017-08-29,2017-09-08
828,1090,2017-08-29,2017-08-31
829,1184,2017-08-29,2017-09-03
830,1160,2017-08-29,2017-09-08
831,1032,2017-08-29,2017-09-04
832,1071,2017-08-30,2017-09-05
833,1163,2017-08-30,2017-09-09
834,1013,2017-08-30,2017-09-04
835,1042,2017-08-30,2017-09-04
836,1121,2017-08-30,2017-09-07
837,1139,2017-08-30,2017-09-06
838,1009,2017-08-31,2017-09-08
839,1173,2017-08-31,2017-09-06
840,1158,2017-08-31,2017-09-06
841,1146,2017-08-31,2017-09-04
842,1194,2017-08-31,2017-09-06
843,1180,2017-08-31,2017-09-08
844,1026,2017-09-01,2017-09-05
845,1070,2017-09-01,2017-09-08
846,1147,2017-09-01,2017-09-06
847,1003,2017-09-02,2017-09-08
848,1182,2017-09-03,2017-09-09
849,1192,2017-09-03,2017-09-09
850,1095,2017-09-03,2017-09-09
851,1039,2017-09-04,2017-09-08
852,1187,2017-09-05,2017-09-11
853,1193,2017-09-06,2017-09-08
854,1131,2017-09-06,2017-09-15
855,1161,2017-09-06,2017-09-10
856,1000,2017-09-07,2017-09-12
857,1186,2017-09-07,2017-09-16
858,1132,2017-09-08,2017-09-14
859,1185,2017-09-08,2017-09-16
860,1150,2017-09-09,2017-09-14
861,1149,2017-09-10,2017-09-16
862,1160,2017-09-10,2017-09-11
863,1170,2017-09-10,2017-09-17
864,1027,2017-09-11,2017-09-16
865,1058,2017-09-11,2017-09-12
866,1014,2017-09-11,2017-09-19
867,1151,2017-09-11,2017-09-20
868,1041,2017-09-11,2017-09-17
869,1159,2017-09-11,2017-09-15
870,1141,2017-09-12,2017-09-13
871,1119,2017-09-12,2017-09-17
872,1107,2017-09-12,2017-09-20
873,1108,2017-09-12,2017-09-18
874,1197,2017-09-13,2017-09-18
875,1000,2017-09-13,2017-09-21
876,1103,2017-09-13,2017-09-16
877,1154,2017-09-14,2017-09-20
878,1056,2017-09-14,2017-09-19
879,1101,2017-09-14,2017-09-25
880,1050,2017-09-14,2017-09-22
881,1013,2017-09-15,2017-09-20
882,1120,2017-09-15,2017-09-22
883,1106,2017-09-15,2017-09-19
884,1014,2017-09-15,2017-09-21
885,1181,2017-09-16,2017-09-19
886,1073,2017-09-16,2017-09-22
887,1162,2017-09-17,2017-09-22
888,1073,2017-09-17,2017-09-24
889,1079,2017-09-17,2017-09-23
890,1056,2017-09-18,2017-09-21
891,1024,2017-09-18,2017-09-21
892,1040,2017-09-18,2017-09-27
893,1166,2017-09-18,2017-09-23
894,1075,2017-09-19,2017-09-24
895,1038,2017-09-19,2017-09-27
896,1165,2017-09-19,2017-09-27
897,1060,2017-09-19,2017-09-28
898,1142,2017-09-20,2017-09-25
899,1108,2017-09-21,2017-09-25
900,1072,2017-09-21,2017-09-25
901,1035,2017-09-21,2017-09-23
902,1143,2017-09-21,2017-09-22
903,1054,2017-09-21,2017-09-28
904,1042,2017-09-21,2017-09-24
905,1192,2017-09-21,2017-09-24
906,1105,2017-09-22,2017-09-30
907,1134,2017-09-22,2017-09-29
908,1112,2017-09-22,2017-09-25
909,1042,2017-09-23,2017-09-29
910,1091,2017-09-23,2017-09-30
911,1054,2017-09-23,2017-09-30
912,1033,2017-09-23,2017-09-30
913,1166,2017-09-24,2017-09-29
914,1064,2017-09-24,2017-10-01
915,1126,2017-09-24,2017-09-28
916,1041,2017-09-24,2017-09-30
917,1031,2017-09-24,2017-10-05
918,1196,2017-09-25,2017-09-30
919,1180,2017-09-25,2017-09-30
920,1112,2017-09-25,2017-10-01
921,1045,2017-09-26,2017-10-03
922,1011,2017-09-26,2017-09-30
923,1139,2017-09-26,2017-10-03
924,1160,2017-09-26,2017-10-01
925,1049,2017-09-27,2017-10-02
926,1022,2017-09-27,2017-10-01
927,1151,2017-09-28,2017-10-04
928,1162,2017-09-28,2017-10-06
929,1022,2017-09-29,2017-10-07
930,1111,2017-09-29,2017-10-10
931,1052,2017-09-29,2017-10-04
932,1131,2017-09-29,2017-10-06
933,1103,2017-09-30,2017-10-08
934,1131,2017-09-30,2017-10-05
935,1048,2017-10-01,2017-10-06
936,1019,2017-10-01,2017-10-09
937,1162,2017-10-01,2017-10-08
938,1074,2017-10-01,2017-10-04
939,1133,2017-10-01,2017-10-14
940,1145,2017-10-02,2017-10-09
941,1196,2017-10-02,2017-10-09
942,1157,2017-10-03,2017-10-08
943,1016,2017-10-03,2017-10-09
944,1145,2017-10-04,2017-10-08
945,1089,2017-10-04,2017-10-14
946,1034,2017-10-04,2017-10-09
947,1096,2017-10-04,2017-10-07
948,1060,2017-10-05,2017-10-09
949,1110,2017-10-05,2017-10-12
950,1059,2017-10-05,2017-10-11
951,1039,2017-10-05,2017-10-09
952,1070,2017-10-06,2017-10-09
953,1138,2017-10-06,2017-10-09
954,1171,2017-10-06,2017-10-10
955,1170,2017-10-07,2017-10-16
956,1199,2017-10-07,2017-10-18
957,1098,2017-10-07,2017-10-17
958,1038,2017-10-07,2017-10-09
959,1098,2017-10-07,2017-10-11
960,1023,2017-10-08,2017-10-11
961,1182,2017-10-08,2017-10-15
962,1127,2017-10-09,2017-10-15
963,1146,2017-10-09,2017-10-16
964,1110,2017-10-09,2017-10-16
965,1130,2017-10-10,2017-10-13
966,1182,2017-10-10,2017-10-19
967,1138,2017-10-11,2017-10-22
968,1123,2017-10-11,2017-10-21
969,1025,2017-10-11,2017-10-19
970,1006,2017-10-11,2017-10-15
971,1134,2017-10-12,2017-10-22
972,1098,2017-10-12,2017-10-17
973,1002,2017-10-12,2017-10-16
974,1157,2017-10-13,2017-10-16
975,1179,2017-10-13,2017-10-14
976,1041,2017-10-13,2017-10-22
977,1190,2017-10-13,2017-10-15
978,1046,2017-10-13,2017-10-20
979,1025,2017-10-13,2017-10-18
980,1154,2017-10-13,2017-10-23
981,1118,2017-10-13,2017-10-21
982,1135,2017-10-13,2017-10-18
983,1048,2017-10-14,2017-10-23
984,1096,2017-10-14,2017-10-18
985,1115,2017-10-14,2017-10-16
986,1175,2017-10-14,2017-10-20
987,1115,2017-10-15,2017-10-22
988,1198,2017-10-15,2017-10-23
989,1133,2017-10-16,2017-10-17
990,1118,2017-10-16,2017-10-24
991,1008,2017-10-16,2017-10-20
992,1013,2017-10-16,2017-10-22
993,1171,2017-10-17,2017-10-24
994,1096,2017-10-17,2017-10-21
995,1012,2017-10-18,2017-10-23
996,1120,2017-10-18,2017-10-26
997,1180,2017-10-18,2017-10-24
998,1056,2017-10-18,2017-10-24
999,1014,2017-10-19,2017-10-27
1000,1088,2017-10-19,2017-10-23
1001,1148,2017-10-19,2017-10-25
1002,1061,2017-10-19,2017-10-23
1003,1191,2017-10-19,2017-10-24
1004,1030,2017-10-19,2017-10-27
1005,1060,2017-10-19,2017-10-28
1006,1004,2017-10-20,2017-10-25
1007,1004,2017-10-21,2017-10-24
1008,1097,2017-10-21,2017-10-26
1009,1022,2017-10-22,2017-11-01
1010,1082,2017-10-22,2017-10-27
1011,1032,2017-10-22,2017-10-28
1012,1152,2017-10-23,2017-10-25
1013,1157,2017-10-23,2017-10-31
1014,1086,2017-10-24,2017-11-03
1015,1117,2017-10-24,2017-11-01
1016,1198,2017-10-25,2017-10-31
1017,1161,2017-10-25,2017-10-31
1018,1178,2017-10-26,2017-11-03
1019,1158,2017-10-26,2017-10-31
1020,1187,2017-10-27,2017-11-02
1021,1160,2017-10-27,2017-10-29
1022,1094,2017-10-27,2017-11-04
1023,1189,2017-10-28,2017-10-30
1024,1103,2017-10-28,2017-11-01
1025,1116,2017-10-28,2017-11-01
1026,1199,2017-10-28,2017-10-31
1027,1011,2017-10-28,2017-11-02
1028,1139,2017-10-28,2017-11-03
1029,1156,2017-10-28,2017-11-02
1030,1135,2017-10-28,2017-11-01
1031,1174,2017-10-29,2017-11-06
1032,1056,2017-10-30,2017-11-04
1033,1159,2017-11-01,2017-11-06
1034,1187,2017-11-01,2017-11-06
1035,1112,2017-11-02,2017-11-04
1036,1023,2017-11-02,2017-11-09
1037,1051,2017-11-02,2017-11-06
1038,1062,2017-11-03,2017-11-08
1039,1079,2017-11-03,2017-11-08
1040,1039,2017-11-04,2017-11-14
1041,1192,2017-11-04,2017-11-11
1042,1104,2017-11-04,2017-11-07
1043,1148,2017-11-04,2017-11-10
1044,1025,2017-11-04,2017-11-09
1045,1079,2017-11-05,2017-11-10
1046,1178,2017-11-05,2017-11-12
1047,1081,2017-11-05,2017-11-09
1048,1139,2017-11-05,2017-11-07
1049,1158,2017-11-06,2017-11-14
1050,1035,2017-11-06,2017-11-14
1051,1159,2017-11-06,2017-11-12
1052,1038,2017-11-07,2017-11-12
1053,1181,2017-11-07,2017-11-13
1054,1119,2017-11-08,2017-11-12
1055,1185,2017-11-08,2017-11-15
1056,1187,2017-11-08,2017-11-17
1057,1032,2017-11-08,2017-11-16
1058,1143,2017-11-08,2017-11-14
1059,1102,2017-11-08,2017-11-16
1060,1114,2017-11-09,2017-11-19
1061,1029,2017-11-09,2017-11-12
1062,1166,2017-11-09,2017-11-12
1063,1177,2017-11-11,2017-11-16
1064,1153,2017-11-12,2017-11-17
1065,1161,2017-11-12,2017-11-19
1066,1007,2017-11-13,2017-11-16
1067,1088,2017-11-13,2017-11-20
1068,1185,2017-11-13,2017-11-24
1069,1130,2017-11-14,2017-11-18
1070,1012,2017-11-15,2017-11-23
1071,1071,2017-11-15,2017-11-27
1072,1141,2017-11-15,2017-11-21
1073,1004,2017-11-16,2017-11-17
1074,1144,2017-11-17,2017-11-22
1075,1123,2017-11-17,2017-11-21
1076,1156,2017-11-18,2017-11-20
1077,1153,2017-11-18,2017-11-25
1078,1135,2017-11-19,2017-11-24
1079,1122,2017-11-20,2017-11-25
1080,1062,2017-11-20,2017-11-22
1081,1120,2017-11-20,2017-11-30
1082,1148,2017-11-20,2017-11-26
1083,1129,2017-11-20,2017-11-22
1084,1013,2017-11-20,2017-11-26
1085,1007,2017-11-21,2017-11-24
1086,1013,2017-11-22,2017-11-28
1087,1032,2017-11-22,2017-11-26
1088,1006,2017-11-23,2017-11-27
1089,1133,2017-11-23,2017-12-04
1090,1005,2017-11-23,2017-11-25
1091,1008,2017-11-25,2017-11-30
1092,1180,2017-11-25,2017-11-30
1093,1016,2017-11-25,2017-11-30
1094,1001,2017-11-26,2017-11-30
1095,1010,2017-11-26,2017-12-01
1096,1081,2017-11-26,2017-12-03
1097,1175,2017-11-27,2017-12-02
1098,1119,2017-11-28,2017-11-30
1099,1198,2017-11-29,2017-12-10
1100,1028,2017-11-29,2017-12-06
1101,1179,2017-11-29,2017-12-04
1102,1092,2017-11-30,2017-12-06
1103,1024,2017-12-01,2017-12-06
1104,1112,2017-12-01,2017-12-04
1105,1036,2017-12-01,2017-12-07
1106,1187,2017-12-01,2017-12-12
1107,1072,2017-12-02,2017-12-05
1108,1196,2017-12-02,2017-12-05
1109,1009,2017-12-02,2017-12-13
1110,1109,2017-12-02,2017-12-11
1111,1064,2017-12-02,2017-12-10
1112,1073,2017-12-02,2017-12-08
1113,1053,2017-12-03,2017-12-07
1114,1134,2017-12-03,2017-12-06
1115,1048,2017-12-04,2017-12-11
1116,1036,2017-12-04,2017-12-08
1117,1135,2017-12-05,2017-12-11
1118,1133,2017-12-05,2017-12-08
1119,1098,2017-12-05,2017-12-12
1120,1141,2017-12-06,2017-12-15
1121,1072,2017-12-07,2017-12-12
1122,1095,2017-12-07,2017-12-14
1123,1016,2017-12-07,2017-12-13
1124,1042,2017-12-07,2017-12-13
1125,1179,2017-12-08,2017-12-15
1126,1163,2017-12-09,2017-12-13
1127,1012,2017-12-09,2017-12-15
1128,1174,2017-12-09,2017-12-17
1129,1186,2017-12-09,2017-12-15
1130,1057,2017-12-10,2017-12-14
1131,1170,2017-12-10,2017-12-17
1132,1138,2017-12-10,2017-12-13
1133,1177,2017-12-11,2017-12-18
1134,1131,2017-12-12,2017-12-16
1135,1046,2017-12-13,2017-12-20
1136,1057,2017-12-13,2017-12-19
1137,1057,2017-12-14,2017-12-24
1138,1159,2017-12-15,2017-12-19
1139,1109,2017-12-15,2017-12-19
1140,1045,2017-12-15,2017-12-19
1141,1168,2017-12-16,2017-12-21
1142,1087,2017-12-16,2017-12-25
1143,1002,2017-12-16,2017-12-20
1144,1188,2017-12-17,2017-12-19
1145,1094,2017-12-17,2017-12-21
1146,1122,2017-12-17,2017-12-22
1147,1156,2017-12-18,2017-12-19
1148,1116,2017-12-18,2017-12-29
1149,1022,2017-12-18,2017-12-26
1150,1073,2017-12-18,2017-12-24
1151,1104,2017-12-19,2017-12-27
1152,1068,2017-12-19,2017-12-27
1153,1014,2017-12-19,2017-12-24
1154,1123,2017-12-19,2017-12-28
1155,1104,2017-12-20,2017-12-24
1156,1115,2017-12-20,2017-12-23
1157,1082,2017-12-20,2017-12-28
1158,1059,2017-12-20,2017-12-25
1159,1053,2017-12-20,2017-12-25
1160,1164,2017-12-20,2017-12-26
1161,1071,2017-12-20,2017-12-27
1162,1021,2017-12-21,2017-12-25
1163,1088,2017-12-21,2017-12-27
1164,1047,2017-12-21,2017-12-25
1165,1097,2017-12-22,2017-12-26
1166,1135,2017-12-22,2017-12-27
1167,1153,2017-12-22,2017-12-25
1168,1015,2017-12-22,2017-12-29
1169,1181,2017-12-23,2017-12-25
1170,1043,2017-12-23,2017-12-31
1171,1184,2017-12-25,2017-12-30
1172,1176,2017-12-25,2018-01-01
1173,1102,2017-12-25,2018-01-01
1174,1168,2017-12-26,2017-12-31
1175,1128,2017-12-26,2018-01-04
1176,1010,2017-12-26,2017-12-31
1177,1009,2017-12-28,2018-01-02
1178,1055,2017-12-28,2017-12-31
1179,1129,2017-12-28,2018-01-08
1180,1163,2017-12-28,2018-01-04
1181,1028,2017-12-29,2018-01-05
1182,1096,2017-12-29,2018-01-05
1183,1107,2017-12-29,2018-01-02
1184,1079,2017-12-30,2018-01-08
1185,1176,2017-12-30,2018-01-02
1186,1079,2017-12-30,2018-01-07
1187,1158,2017-12-30,2018-01-03
1188,1021,2017-12-31,2018-01-06
1189,1121,2017-12-31,2018-01-04
1190,1112,2017-12-31,2018-01-11
1191,1147,2017-12-31,2018-01-07
1192,1116,2018-01-01,2018-01-06
1193,1111,2018-01-01,2018-01-05
1194,1013,2018-01-01,2018-01-04
1195,1077,2018-01-02,2018-01-06
1196,1177,2018-01-02,2018-01-07
1197,1077,2018-01-03,2018-01-10
1198,1037,2018-01-03,2018-01-08
1199,1043,2018-01-03,2018-01-10
1200,1129,2018-01-03,2018-01-10
1201,1148,2018-01-03,2018-01-10
1202,1075,2018-01-04,2018-01-10
1203,1067,2018-01-05,2018-01-14
1204,1053,2018-01-05,2018-01-12
1205,1186,2018-01-05,2018-01-12
1206,1064,2018-01-06,2018-01-08
1207,1094,2018-01-07,2018-01-11
1208,1155,2018-01-07,2018-01-10
1209,1144,2018-01-07,2018-01-13
1210,1083,2018-01-07,2018-01-15
1211,1060,2018-01-07,2018-01-10
1212,1128,2018-01-07,2018-01-13
1213,1192,2018-01-08,2018-01-10
1214,1147,2018-01-09,2018-01-15
1215,1134,2018-01-09,2018-01-13
1216,1069,2018-01-09,2018-01-14
1217,1110,2018-01-09,2018-01-15
1218,1199,2018-01-10,2018-01-15
1219,1065,2018-01-10,2018-01-14
1220,1044,2018-01-10,2018-01-16
1221,1153,2018-01-10,2018-01-18
1222,1040,2018-01-10,2018-01-17
1223,1066,2018-01-11,2018-01-20
1224,1037,2018-01-11,2018-01-18
1225,1040,2018-01-12,2018-01-20
1226,1040,2018-01-12,2018-01-18
1227,1139,2018-01-13,2018-01-15
1228,1109,2018-01-13,2018-01-17
1229,1021,2018-01-13,2018-01-20
1230,1070,2018-01-13,2018-01-16
1231,1109,2018-01-13,2018-01-19
1232,1080,2018-01-14,2018-01-21
1233,1159,2018-01-14,2018-01-23
1234,1117,2018-01-14,2018-01-19
1235,1073,2018-01-15,2018-01-26
1236,1118,2018-01-15,2018-01-20
1237,1135,2018-01-15,2018-01-17
1238,1042,2018-01-15,2018-01-20
1239,1069,2018-01-16,2018-01-22
1240,1046,2018-01-16,2018-01-23
1241,1091,2018-01-16,2018-01-22
1242,1123,2018-01-17,2018-01-22
1243,1091,2018-01-17,2018-01-26
1244,1163,2018-01-18,2018-01-24
1245,1071,2018-01-18,2018-01-22
1246,1103,2018-01-18,2018-01-20
1247,1119,2018-01-19,2018-01-23
1248,1191,2018-01-20,2018-01-27
1249,1029,2018-01-21,2018-01-25
1250,1057,2018-01-22,2018-01-26
1251,1153,2018-01-23,2018-01-29
1252,1198,2018-01-23,2018-01-27
1253,1163,2018-01-23,2018-01-28
1254,1105,2018-01-23,2018-01-28
1255,1104,2018-01-23,2018-01-28
1256,1100,2018-01-23,2018-02-03
1257,1077,2018-01-23,2018-01-29
1258,1069,2018-01-23,2018-01-30
1259,1106,2018-01-23,2018-01-27
1260,1193,2018-01-24,2018-01-30
1261,1080,2018-01-24,2018-01-27
1262,1041,2018-01-24,2018-02-01
1263,1040,2018-01-24,2018-01-29
1264,1005,2018-01-25,2018-02-02
1265,1031,2018-01-26,2018-01-30
1266,1033,2018-01-26,2018-02-02
1267,1099,2018-01-27,2018-02-03
1268,1002,2018-01-27,2018-01-29
1269,1089,2018-01-27,2018-01-31
1270,1126,2018-01-27,2018-02-01
1271,1174,2018-01-28,2018-02-06
1272,1065,2018-01-29,2018-02-04
1273,1166,2018-01-29,2018-02-08
1274,1024,2018-01-30,2018-02-09
1275,1002,2018-01-30,2018-02-07
1276,1058,2018-01-31,2018-02-03
1277,1126,2018-01-31,2018-02-04
1278,1090,2018-02-01,2018-02-08
1279,1027,2018-02-01,2018-02-07
1280,1195,2018-02-01,2018-02-10
1281,1162,2018-02-01,2018-02-07
1282,1101,2018-02-03,2018-02-11
1283,1181,2018-02-03,2018-02-10
1284,1154,2018-02-03,2018-02-08
1285,1168,2018-02-03,2018-02-10
1286,1147,2018-02-04,2018-02-10
1287,1127,2018-02-04,2018-02-13
1288,1151,2018-02-05,2018-02-12
1289,1170,2018-02-05,2018-02-11
1290,1135,2018-02-06,2018-02-11
1291,1115,2018-02-06,2018-02-12
1292,1134,2018-02-07,2018-02-15
1293,1190,2018-02-07,2018-02-16
1294,1070,2018-02-07,2018-02-12
1295,1185,2018-02-08,2018-02-13
1296,1073,2018-02-08,2018-02-14
1297,1118,2018-02-08,2018-02-12
1298,1085,2018-02-08,2018-02-14
1299,1148,2018-02-09,2018-02-14
1300,1196,2018-02-09,2018-02-15
1301,1039,2018-02-09,2018-02-19
1302,1086,2018-02-10,2018-02-17
1303,1118,2018-02-10,2018-02-18
1304,1070,2018-02-10,2018-02-15
1305,1010,2018-02-10,2018-02-18
1306,1017,2018-02-11,2018-02-17
1307,1134,2018-02-11,2018-02-21
1308,1125,2018-02-11,2018-02-16
1309,1023,2018-02-12,2018-02-22
1310,1139,2018-02-12,2018-02-19
1311,1075,2018-02-13,2018-02-19
1312,1121,2018-02-14,2018-02-20
1313,1134,2018-02-14,2018-02-20
1314,1188,2018-02-14,2018-02-22
1315,1077,2018-02-14,2018-02-22
1316,1015,2018-02-14,2018-02-20
1317,1141,2018-02-15,2018-02-22
1318,1023,2018-02-16,2018-02-21
1319,1072,2018-02-16,2018-02-22
1320,1152,2018-02-16,2018-02-20
1321,1028,2018-02-16,2018-02-25
1322,1020,2018-02-16,2018-02-25
1323,1058,2018-02-16,2018-02-20
1324,1128,2018-02-16,2018-02-21
1325,1129,2018-02-17,2018-02-27
1326,1161,2018-02-17,2018-02-21
1327,1144,2018-02-18,2018-02-21
1328,1012,2018-02-18,2018-02-24
1329,1105,2018-02-18,2018-02-24
1330,1074,2018-02-19,2018-02-26
1331,1004,2018-02-19,2018-02-24
1332,1131,2018-02-19,2018-02-22
1333,1081,2018-02-20,2018-02-25
1334,1174,2018-02-20,2018-02-28
1335,1147,2018-02-20,2018-02-24
1336,1044,2018-02-20,2018-02-24
1337,1096,2018-02-21,2018-03-03
1338,1154,2018-02-21,2018-02-23
1339,1148,2018-02-21,2018-02-24
1340,1044,2018-02-21,2018-03-05
1341,1120,2018-02-21,2018-02-27
1342,1004,2018-02-22,2018-03-02
1343,1096,2018-02-22,2018-03-01
1344,1114,2018-02-22,2018-03-01
1345,1153,2018-02-23,2018-03-01
1346,1192,2018-02-24,2018-03-07
1347,1049,2018-02-24,2018-03-01
1348,1080,2018-02-24,2018-03-01
1349,1017,2018-02-24,2018-03-03
1350,1063,2018-02-25,2018-03-02
1351,1063,2018-02-25,2018-02-28
1352,1181,2018-02-26,2018-02-27
1353,1017,2018-02-26,2018-03-04
1354,1014,2018-02-26,2018-03-06
1355,1077,2018-02-26,2018-03-06
1356,1042,2018-02-27,2018-03-10
1357,1057,2018-02-27,2018-03-04
1358,1098,2018-02-27,2018-03-04
1359,1060,2018-02-28,2018-03-05
1360,1057,2018-03-01,2018-03-09
1361,1177,2018-03-01,2018-03-06
1362,1062,2018-03-01,2018-03-10
1363,1151,2018-03-01,2018-03-07
1364,1155,2018-03-01,2018-03-09
1365,1021,2018-03-02,2018-03-06
1366,1098,2018-03-02,2018-03-09
1367,1180,2018-03-02,2018-03-11
1368,1008,2018-03-02,2018-03-11
1369,1191,2018-03-03,2018-03-11
1370,1166,2018-03-03,2018-03-07
1371,1190,2018-03-04,2018-03-09
1372,1143,2018-03-04,2018-03-08
1373,1172,2018-03-04,2018-03-10
1374,1069,2018-03-04,2018-03-10
1375,1014,2018-03-05,2018-03-13
1376,1189,2018-03-05,2018-03-10
1377,1102,2018-03-07,2018-03-17
1378,1010,2018-03-07,2018-03-13
1379,1148,2018-03-07,2018-03-15
1380,1178,2018-03-08,2018-03-12
1381,1110,2018-03-08,2018-03-13
1382,1060,2018-03-09,2018-03-14
1383,1153,2018-03-09,2018-03-14
1384,1161,2018-03-10,2018-03-17
1385,1050,2018-03-10,2018-03-19
1386,1035,2018-03-10,2018-03-14
1387,1096,2018-03-10,2018-03-17
1388,1108,2018-03-11,2018-03-17
1389,1124,2018-03-11,2018-03-16
1390,1106,2018-03-11,2018-03-18
1391,1112,2018-03-11,2018-03-16
1392,1152,2018-03-12,2018-03-16
1393,1059,2018-03-13,2018-03-22
1394,1197,2018-03-13,2018-03-16
1395,1106,2018-03-13,2018-03-19
1396,1097,2018-03-13,2018-03-17
1397,1083,2018-03-14,2018-03-23
1398,1002,2018-03-14,2018-03-20
1399,1135,2018-03-14,2018-03-19
1400,1188,2018-03-15,2018-03-19
1401,1148,2018-03-15,2018-03-18
1402,1106,2018-03-16,2018-03-19
1403,1140,2018-03-16,2018-03-21
1404,1039,2018-03-16,2018-03-20
1405,1111,2018-03-16,2018-03-25
1406,1010,2018-03-17,2018-03-25
1407,1098,2018-03-17,2018-03-22
1408,1189,2018-03-18,2018-03-27
1409,1133,2018-03-18,2018-03-22
1410,1043,2018-03-18,2018-03-25
1411,1106,2018-03-18,2018-03-21
1412,1047,2018-03-19,2018-03-28
1413,1131,2018-03-19,2018-03-24
1414,1116,2018-03-19,2018-03-24
1415,1068,2018-03-19,2018-03-24
1416,1070,2018-03-20,2018-03-27
1417,1044,2018-03-20,2018-03-25
1418,1049,2018-03-20,2018-03-27
1419,1075,2018-03-20,2018-03-25
1420,1064,2018-03-21,2018-03-28
1421,1168,2018-03-21,2018-03-26
1422,1143,2018-03-21,2018-03-25
1423,1078,2018-03-22,2018-03-26
1424,1060,2018-03-23,2018-03-29
1425,1198,2018-03-23,2018-03-29
1426,1197,2018-03-23,2018-03-30
1427,1195,2018-03-25,2018-03-29
1428,1032,2018-03-25,2018-03-30
1429,1118,2018-03-25,2018-03-30
1430,1039,2018-03-25,2018-03-28
1431,1153,2018-03-25,2018-03-30
1432,1063,2018-03-26,2018-03-29
1433,1035,2018-03-27,2018-04-03
1434,1056,2018-03-27,2018-04-02
1435,1169,2018-03-28,2018-04-04
1436,1078,2018-03-28,2018-04-04
1437,1123,2018-03-28,2018-04-05
1438,1184,2018-03-29,2018-04-02
1439,1181,2018-03-29,2018-04-02
1440,1114,2018-03-29,2018-04-05
1441,1049,2018-03-30,2018-04-07
1442,1034,2018-03-30,2018-04-07
1443,1158,2018-03-31,2018-04-05
1444,1023,2018-03-31,2018-04-11
1445,1063,2018-04-01,2018-04-06
1446,1137,2018-04-01,2018-04-11
1447,1057,2018-04-01,2018-04-07
1448,1032,2018-04-02,2018-04-09
1449,1102,2018-04-03,2018-04-06
1450,1020,2018-04-04,2018-04-08
1451,1019,2018-04-04,2018-04-12
1452,1153,2018-04-05,2018-04-15
1453,1033,2018-04-05,2018-04-12
1454,1012,2018-04-05,2018-04-14
1455,1193,2018-04-06,2018-04-14
1456,1120,2018-04-06,2018-04-10
1457,1063,2018-04-06,2018-04-11
1458,1042,2018-04-07,2018-04-12
1459,1089,2018-04-08,2018-04-14
1460,1037,2018-04-08,2018-04-12
1461,1139,2018-04-08,2018-04-10
1462,1013,2018-04-08,2018-04-11
1463,1085,2018-04-09,2018-04-15
1464,1057,2018-04-09,2018-04-16
1465,1045,2018-04-10,2018-04-14
1466,1034,2018-04-11,2018-04-15
1467,1119,2018-04-11,2018-04-19
1468,1120,2018-04-11,2018-04-18
1469,1197,2018-04-12,2018-04-17
1470,1104,2018-04-12,2018-04-19
1471,1032,2018-04-13,2018-04-16
1472,1071,2018-04-13,2018-04-20
1473,1133,2018-04-14,2018-04-20
1474,1043,2018-04-14,2018-04-20
1475,1180,2018-04-14,2018-04-20
1476,1194,2018-04-14,2018-04-21
1477,1048,2018-04-14,2018-04-19
1478,1088,2018-04-15,2018-04-21
1479,1148,2018-04-15,2018-04-20
1480,1147,2018-04-15,2018-04-25
1481,1017,2018-04-15,2018-04-20
1482,1086,2018-04-16,2018-04-24
1483,1016,2018-04-16,2018-04-25
1484,1049,2018-04-16,2018-04-21
1485,1047,2018-04-17,2018-04-20
1486,1022,2018-04-17,2018-04-24
1487,1187,2018-04-17,2018-04-22
1488,1076,2018-04-19,2018-04-23
1489,1085,2018-04-20,2018-04-26
1490,1150,2018-04-20,2018-04-27
1491,1064,2018-04-21,2018-05-02
1492,1187,2018-04-21,2018-04-30
1493,1022,2018-04-21,2018-04-30
1494,1175,2018-04-21,2018-04-26
1495,1199,2018-04-21,2018-04-28
1496,1034,2018-04-21,2018-04-26
1497,1198,2018-04-21,2018-04-23
1498,1041,2018-04-22,2018-04-28
1499,1178,2018-04-22,2018-04-28
1500,1083,2018-04-22,2018-05-01
1501,1033,2018-04-23,2018-04-27
1502,1047,2018-04-23,2018-04-29
1503,1031,2018-04-23,2018-05-02
1504,1040,2018-04-24,2018-05-01
1505,1182,2018-04-25,2018-04-29
1506,1019,2018-04-25,2018-05-03
1507,1012,2018-04-25,2018-05-03
1508,1082,2018-04-25,2018-05-03
1509,1073,2018-04-26,2018-05-02
1510,1115,2018-04-26,2018-05-01
1511,1029,2018-04-26,2018-04-30
1512,1110,2018-04-26,2018-05-04
1513,1018,2018-04-27,2018-05-01
1514,1160,2018-04-27,2018-05-04
1515,1195,2018-04-27,2018-05-03
1516,1122,2018-04-27,2018-05-02
1517,1173,2018-04-28,2018-05-02
1518,1061,2018-04-28,2018-05-04
1519,1132,2018-04-29,2018-05-06
1520,1167,2018-04-30,2018-05-03
1521,1013,2018-04-30,2018-05-04
1522,1161,2018-04-30,2018-05-03
1523,1001,2018-05-01,2018-05-06
1524,1024,2018-05-02,2018-05-09
1525,1135,2018-05-02,2018-05-05
1526,1080,2018-05-02,2018-05-09
1527,1087,2018-05-02,2018-05-11
1528,1010,2018-05-02,2018-05-10
1529,1056,2018-05-03,2018-05-08
1530,1066,2018-05-04,2018-05-10
1531,1176,2018-05-04,2018-05-11
1532,1065,2018-05-05,2018-05-13
1533,1079,2018-05-05,2018-05-07
1534,1002,2018-05-06,2018-05-10
1535,1096,2018-05-06,2018-05-11
1536,1081,2018-05-07,2018-05-11
1537,1087,2018-05-08,2018-05-14
1538,1180,2018-05-08,2018-05-15
1539,1194,2018-05-08,2018-05-15
1540,1163,2018-05-09,2018-05-13
1541,1045,2018-05-09,2018-05-14
1542,1129,2018-05-09,2018-05-12
1543,1018,2018-05-09,2018-05-13
1544,1057,2018-05-10,2018-05-14
1545,1169,2018-05-10,2018-05-11
1546,1168,2018-05-10,2018-05-15
1547,1074,2018-05-11,2018-05-15
1548,1047,2018-05-11,2018-05-18
1549,1140,2018-05-12,2018-05-16
1550,1121,2018-05-12,2018-05-15
1551,1046,2018-05-12,2018-05-18
1552,1101,2018-05-13,2018-05-17
1553,1183,2018-05-13,2018-05-19
1554,1134,2018-05-13,2018-05-23
1555,1127,2018-05-13,2018-05-23
1556,1038,2018-05-14,2018-05-15
1557,1140,2018-05-14,2018-05-23
1558,1170,2018-05-15,2018-05-25
1559,1177,2018-05-15,2018-05-21
1560,1180,2018-05-15,2018-05-20
1561,1092,2018-05-17,2018-05-26
1562,1000,2018-05-17,2018-05-22
1563,1092,2018-05-19,2018-05-24
1564,1069,2018-05-19,2018-05-27
1565,1012,2018-05-19,2018-05-24
1566,1019,2018-05-20,2018-05-25
1567,1095,2018-05-20,2018-05-26
1568,1041,2018-05-21,2018-05-27
1569,1062,2018-05-21,2018-05-25
1570,1134,2018-05-21,2018-05-28
1571,1034,2018-05-21,2018-05-30
1572,1164,2018-05-22,2018-05-27
1573,1159,2018-05-22,2018-06-01
1574,1141,2018-05-23,2018-05-25
1575,1072,2018-05-23,2018-05-25
1576,1012,2018-05-23,2018-05-27
1577,1101,2018-05-24,2018-05-26
1578,1127,2018-05-24,2018-05-31
1579,1009,2018-05-24,2018-05-31
1580,1091,2018-05-24,2018-05-27
1581,1079,2018-05-24,2018-05-31
1582,1113,2018-05-25,2018-05-31
1583,1136,2018-05-25,2018-05-31
1584,1185,2018-05-25,2018-06-01
1585,1071,2018-05-26,2018-05-29
1586,1097,2018-05-26,2018-05-31
1587,1116,2018-05-26,2018-06-01
1588,1161,2018-05-27,2018-06-02
1589,1186,2018-05-27,2018-06-04
1590,1153,2018-05-27,2018-06-02
1591,1086,2018-05-28,2018-05-29
1592,1027,2018-05-28,2018-05-31
1593,1156,2018-05-28,2018-06-01
1594,1165,2018-05-28,2018-06-06
1595,1196,2018-05-28,2018-06-02
1596,1062,2018-05-28,2018-06-05
1597,1087,2018-05-28,2018-06-04
1598,1070,2018-05-28,2018-06-04
1599,1045,2018-05-29,2018-05-30
1600,1077,2018-05-30,2018-06-08
1601,1027,2018-05-31,2018-06-08
1602,1004,2018-05-31,2018-06-05
1603,1103,2018-05-31,2018-06-05
1604,1070,2018-06-01,2018-06-03
1605,1087,2018-06-01,2018-06-09
1606,1024,2018-06-01,2018-06-06
1607,1040,2018-06-01,2018-06-05
1608,1005,2018-06-01,2018-06-04
1609,1196,2018-06-02,2018-06-06
1610,1141,2018-06-02,2018-06-06
1611,1000,2018-06-03,2018-06-09
1612,1162,2018-06-03,2018-06-11
1613,1136,2018-06-03,2018-06-07
1614,1165,2018-06-04,2018-06-10
1615,1183,2018-06-04,2018-06-10
1616,1027,2018-06-05,2018-06-09
1617,1123,2018-06-05,2018-06-10
1618,1031,2018-06-06,2018-06-11
1619,1014,2018-06-06,2018-06-14
1620,1056,2018-06-06,2018-06-13
1621,1124,2018-06-08,2018-06-12
1622,1169,2018-06-08,2018-06-15
1623,1154,2018-06-08,2018-06-11
1624,1129,2018-06-08,2018-06-13
1625,1069,2018-06-08,2018-06-13
1626,1110,2018-06-08,2018-06-14
1627,1090,2018-06-08,2018-06-13
1628,1122,2018-06-08,2018-06-18
1629,1025,2018-06-08,2018-06-17
1630,1038,2018-06-08,2018-06-14
1631,1154,2018-06-09,2018-06-11
1632,1173,2018-06-09,2018-06-17
1633,1143,2018-06-09,2018-06-13
1634,1075,2018-06-09,2018-06-14
1635,1177,2018-06-10,2018-06-14
1636,1114,2018-06-10,2018-06-14
1637,1144,2018-06-11,2018-06-20
1638,1100,2018-06-11,2018-06-15
1639,1135,2018-06-11,2018-06-17
1640,1157,2018-06-11,2018-06-19
1641,1081,2018-06-12,2018-06-19
1642,1155,2018-06-12,2018-06-16
1643,1190,2018-06-12,2018-06-17
1644,1149,2018-06-13,2018-06-19
1645,1038,2018-06-13,2018-06-22
1646,1085,2018-06-13,2018-06-18
1647,1019,2018-06-13,2018-06-21
1648,1082,2018-06-14,2018-06-18
1649,1092,2018-06-14,2018-06-22
1650,1014,2018-06-14,2018-06-17
1651,1129,2018-06-15,2018-06-23
1652,1174,2018-06-16,2018-06-24
1653,1163,2018-06-17,2018-06-18
1654,1130,2018-06-17,2018-06-23
1655,1123,2018-06-17,2018-06-25
1656,1107,2018-06-18,2018-06-20
1657,1102,2018-06-18,2018-06-22
1658,1139,2018-06-19,2018-06-23
1659,1058,2018-06-20,2018-06-27
1660,1136,2018-06-20,2018-06-27
1661,1096,2018-06-20,2018-06-26
1662,1119,2018-06-20,2018-07-01
1663,1009,2018-06-20,2018-06-27
1664,1009,2018-06-20,2018-06-30
1665,1068,2018-06-21,2018-06-28
1666,1155,2018-06-21,2018-06-27
1667,1145,2018-06-21,2018-06-25
1668,1111,2018-06-22,2018-06-26
1669,1098,2018-06-23,2018-07-01
1670,1138,2018-06-23,2018-07-03
1671,1071,2018-06-23,2018-07-01
1672,1191,2018-06-24,2018-07-01
1673,1095,2018-06-24,2018-07-02
1674,1121,2018-06-25,2018-06-30
1675,1125,2018-06-25,2018-07-02
1676,1156,2018-06-26,2018-06-30
1677,1106,2018-06-26,2018-07-04
1678,1113,2018-06-26,2018-07-05
1679,1120,2018-06-27,2018-07-04
1680,1154,2018-06-28,2018-07-06
1681,1008,2018-06-28,2018-07-04
1682,1035,2018-06-29,2018-07-05
1683,1067,2018-06-29,2018-07-08
1684,1186,2018-06-30,2018-07-04
1685,1140,2018-06-30,2018-07-08
1686,1045,2018-06-30,2018-07-04
1687,1153,2018-06-30,2018-07-01
1688,1012,2018-06-30,2018-07-06
1689,1140,2018-07-01,2018-07-09
1690,1017,2018-07-01,2018-07-06
1691,1085,2018-07-01,2018-07-03
1692,1190,2018-07-02,2018-07-08
1693,1073,2018-07-02,2018-07-06
1694,1131,2018-07-02,2018-07-07
1695,1166,2018-07-02,2018-07-05
1696,1114,2018-07-03,2018-07-06
1697,1138,2018-07-04,2018-07-12
1698,1039,2018-07-04,2018-07-13
1699,1121,2018-07-04,2018-07-09
1700,1155,2018-07-04,2018-07-08
1701,1069,2018-07-04,2018-07-09
1702,1108,2018-07-04,2018-07-06
1703,1008,2018-07-05,2018-07-10
1704,1178,2018-07-05,2018-07-08
1705,1086,2018-07-05,2018-07-09
1706,1190,2018-07-06,2018-07-10
1707,1087,2018-07-06,2018-07-10
1708,1090,2018-07-06,2018-07-13
1709,1151,2018-07-06,2018-07-17
1710,1075,2018-07-06,2018-07-15
1711,1133,2018-07-07,2018-07-12
1712,1102,2018-07-07,2018-07-14
1713,1156,2018-07-07,2018-07-10
1714,1073,2018-07-08,2018-07-12
1715,1153,2018-07-09,2018-07-15
1716,1051,2018-07-09,2018-07-18
1717,1126,2018-07-10,2018-07-15
1718,1180,2018-07-12,2018-07-18
1719,1172,2018-07-12,2018-07-17
1720,1063,2018-07-12,2018-07-16
1721,1123,2018-07-12,2018-07-19
1722,1176,2018-07-12,2018-07-21
1723,1154,2018-07-12,2018-07-18
1724,1041,2018-07-13,2018-07-17
1725,1118,2018-07-13,2018-07-19
1726,1035,2018-07-14,2018-07-20
1727,1084,2018-07-14,2018-07-23
1728,1093,2018-07-14,2018-07-18
1729,1054,2018-07-14,2018-07-20
1730,1044,2018-07-14,2018-07-18
1731,1148,2018-07-14,2018-07-19
1732,1059,2018-07-15,2018-07-22
1733,1107,2018-07-15,2018-07-22
1734,1160,2018-07-15,2018-07-20
1735,1020,2018-07-15,2018-07-22
1736,1083,2018-07-15,2018-07-20
1737,1106,2018-07-16,2018-07-23
1738,1106,2018-07-16,2018-07-22
1739,1056,2018-07-16,2018-07-23
1740,1079,2018-07-16,2018-07-21
1741,1185,2018-07-17,2018-07-23
1742,1114,2018-07-18,2018-07-22
1743,1070,2018-07-18,2018-07-21
1744,1147,2018-07-18,2018-07-28
1745,1114,2018-07-18,2018-07-26
1746,1137,2018-07-19,2018-07-22
1747,1183,2018-07-19,2018-07-24
1748,1031,2018-07-19,2018-07-24
1749,1056,2018-07-20,2018-07-29
1750,1046,2018-07-20,2018-07-26
1751,1141,2018-07-20,2018-07-25
1752,1182,2018-07-20,2018-07-26
1753,1041,2018-07-20,2018-07-24
1754,1157,2018-07-21,2018-07-26
1755,1177,2018-07-21,2018-07-27
1756,1154,2018-07-21,2018-07-29
1757,1032,2018-07-22,2018-07-25
1758,1128,2018-07-22,2018-07-28
1759,1173,2018-07-23,2018-08-01
1760,1020,2018-07-23,2018-07-28
1761,1161,2018-07-24,2018-08-02
1762,1141,2018-07-25,2018-07-31
1763,1024,2018-07-26,2018-08-02
1764,1189,2018-07-26,2018-08-01
1765,1138,2018-07-26,2018-07-30
1766,1098,2018-07-28,2018-08-09
1767,1093,2018-07-28,2018-07-30
1768,1195,2018-07-29,2018-08-05
1769,1055,2018-07-29,2018-08-02
1770,1041,2018-07-29,2018-08-08
1771,1194,2018-07-29,2018-08-06
1772,1019,2018-07-30,2018-08-02
1773,1083,2018-07-30,2018-08-05
1774,1101,2018-07-30,2018-08-04
1775,1020,2018-07-30,2018-08-03
1776,1096,2018-07-30,2018-08-03
1777,1140,2018-07-31,2018-08-08
1778,1075,2018-07-31,2018-08-05
1779,1169,2018-08-01,2018-08-09
1780,1031,2018-08-01,2018-08-06
1781,1196,2018-08-02,2018-08-04
1782,1064,2018-08-02,2018-08-06
1783,1084,2018-08-02,2018-08-04
1784,1139,2018-08-03,2018-08-11
1785,1111,2018-08-03,2018-08-08
1786,1050,2018-08-04,2018-08-13
1787,1010,2018-08-05,2018-08-10
1788,1043,2018-08-06,2018-08-12
1789,1086,2018-08-06,2018-08-10
1790,1023,2018-08-08,2018-08-12
1791,1174,2018-08-08,2018-08-12
1792,1030,2018-08-08,2018-08-12
1793,1013,2018-08-08,2018-08-15
1794,1191,2018-08-08,2018-08-13
1795,1026,2018-08-09,2018-08-16
1796,1115,2018-08-09,2018-08-12
1797,1167,2018-08-10,2018-08-16
1798,1171,2018-08-10,2018-08-20
1799,1090,2018-08-10,2018-08-14
1800,1104,2018-08-10,2018-08-14
1801,1098,2018-08-10,2018-08-17
1802,1172,2018-08-11,2018-08-18
1803,1133,2018-08-11,2018-08-17
1804,1143,2018-08-12,2018-08-20
1805,1018,2018-08-12,2018-08-19
1806,1106,2018-08-13,2018-08-17
1807,1032,2018-08-14,2018-08-18
1808,1191,2018-08-14,2018-08-17
1809,1097,2018-08-14,2018-08-21
1810,1185,2018-08-14,2018-08-23
1811,1075,2018-08-15,2018-08-24
1812,1045,2018-08-15,2018-08-27
1813,1074,2018-08-15,2018-08-23
1814,1005,2018-08-15,2018-08-23
1815,1172,2018-08-16,2018-08-20
1816,1197,2018-08-16,2018-08-22
1817,1058,2018-08-16,2018-08-21
1818,1023,2018-08-16,2018-08-26
1819,1115,2018-08-17,2018-08-23
1820,1027,2018-08-17,2018-08-25
1821,1047,2018-08-18,2018-08-22
1822,1125,2018-08-18,2018-08-26
1823,1160,2018-08-18,2018-08-28
1824,1000,2018-08-18,2018-08-21
1825,1078,2018-08-18,2018-08-22
1826,1044,2018-08-18,2018-08-27
1827,1176,2018-08-18,2018-08-24
1828,1054,2018-08-18,2018-08-22
1829,1060,2018-08-19,2018-08-27
1830,1007,2018-08-20,2018-08-24
1831,1029,2018-08-20,2018-08-27
1832,1122,2018-08-20,2018-08-23
1833,1021,2018-08-20,2018-08-24
1834,1033,2018-08-20,2018-08-28
1835,1039,2018-08-20,2018-08-24
1836,1164,2018-08-21,2018-08-27
1837,1033,2018-08-22,2018-08-27
1838,1117,2018-08-22,2018-08-30
1839,1189,2018-08-22,2018-08-30
1840,1139,2018-08-22,2018-08-28
1841,1027,2018-08-23,2018-08-29
1842,1130,2018-08-23,2018-08-31
1843,1032,2018-08-23,2018-08-28
1844,1096,2018-08-24,2018-08-27
1845,1186,2018-08-25,2018-08-30
1846,1162,2018-08-25,2018-09-03
1847,1178,2018-08-25,2018-09-02
1848,1042,2018-08-26,2018-08-31
1849,1144,2018-08-26,2018-08-29
1850,1173,2018-08-26,2018-09-01
1851,1139,2018-08-28,2018-09-03
1852,1024,2018-08-28,2018-09-03
1853,1055,2018-08-28,2018-09-04
1854,1161,2018-08-28,2018-09-04
1855,1145,2018-08-28,2018-09-10
1856,1190,2018-08-29,2018-08-31
1857,1131,2018-08-29,2018-09-02
1858,1023,2018-08-29,2018-09-05
1859,1184,2018-08-30,2018-09-08
1860,1057,2018-08-30,2018-09-02
1861,1042,2018-08-30,2018-09-04
1862,1006,2018-08-30,2018-09-02
1863,1070,2018-08-31,2018-09-12
1864,1030,2018-08-31,2018-09-05
1865,1175,2018-08-31,2018-09-05
1866,1166,2018-08-31,2018-09-08
1867,1156,2018-08-31,2018-09-07
1868,1190,2018-09-01,2018-09-08
1869,1061,2018-09-02,2018-09-09
1870,1047,2018-09-02,2018-09-06
1871,1161,2018-09-02,2018-09-08
1872,1164,2018-09-02,2018-09-08
1873,1069,2018-09-03,2018-09-11
1874,1126,2018-09-03,2018-09-07
1875,1038,2018-09-03,2018-09-04
1876,1007,2018-09-03,2018-09-09
1877,1174,2018-09-04,2018-09-13
1878,1025,2018-09-04,2018-09-11
1879,1124,2018-09-04,2018-09-12
1880,1104,2018-09-05,2018-09-11
1881,1024,2018-09-06,2018-09-10
1882,1028,2018-09-06,2018-09-09
1883,1115,2018-09-06,2018-09-10
1884,1099,2018-09-07,2018-09-14
1885,1115,2018-09-07,2018-09-12
1886,1120,2018-09-08,2018-09-14
1887,1154,2018-09-09,2018-09-14
1888,1057,2018-09-09,2018-09-17
1889,1116,2018-09-09,2018-09-15
1890,1174,2018-09-10,2018-09-18
1891,1147,2018-09-10,2018-09-16
1892,1087,2018-09-11,2018-09-19
1893,1082,2018-09-11,2018-09-21
1894,1153,2018-09-12,2018-09-16
1895,1125,2018-09-12,2018-09-18
1896,1117,2018-09-12,2018-09-22
1897,1059,2018-09-13,2018-09-22
1898,1036,2018-09-14,2018-09-22
1899,1131,2018-09-14,2018-09-21
1900,1111,2018-09-15,2018-09-19
1901,1067,2018-09-15,2018-09-20
1902,1067,2018-09-15,2018-09-22
1903,1053,2018-09-15,2018-09-22
1904,1056,2018-09-16,2018-09-23
1905,1178,2018-09-16,2018-09-24
1906,1089,2018-09-17,2018-09-20
1907,1170,2018-09-17,2018-09-20
1908,1093,2018-09-17,2018-09-26
1909,1095,2018-09-17,2018-09-22
1910,1068,2018-09-18,2018-09-25
1911,1139,2018-09-18,2018-09-21
1912,1123,2018-09-19,2018-09-22
1913,1185,2018-09-19,2018-09-24
1914,1037,2018-09-19,2018-09-24
1915,1071,2018-09-19,2018-09-24
1916,1029,2018-09-19,2018-09-25
1917,1109,2018-09-19,2018-09-26
1918,1155,2018-09-21,2018-09-29
1919,1180,2018-09-21,2018-09-28
1920,1091,2018-09-21,2018-09-24
1921,1053,2018-09-22,2018-10-01
1922,1134,2018-09-22,2018-09-26
1923,1031,2018-09-22,2018-09-27
1924,1188,2018-09-23,2018-10-02
1925,1185,2018-09-24,2018-09-30
1926,1073,2018-09-24,2018-09-29
1927,1106,2018-09-25,2018-09-29
1928,1035,2018-09-25,2018-10-05
1929,1036,2018-09-25,2018-10-03
1930,1084,2018-09-26,2018-10-03
1931,1018,2018-09-26,2018-09-28
1932,1073,2018-09-26,2018-10-02
1933,1064,2018-09-27,2018-10-05
1934,1090,2018-09-27,2018-10-04
1935,1124,2018-09-27,2018-10-02
1936,1021,2018-09-27,2018-10-06
1937,1168,2018-09-27,2018-10-04
1938,1065,2018-09-28,2018-10-04
1939,1030,2018-09-28,2018-10-06
1940,1023,2018-09-28,2018-10-04
1941,1151,2018-09-28,2018-10-06
1942,1177,2018-09-28,2018-10-01
1943,1036,2018-09-29,2018-10-06
1944,1105,2018-09-30,2018-10-11
1945,1179,2018-10-01,2018-10-05
1946,1101,2018-10-01,2018-10-08
1947,1091,2018-10-01,2018-10-06
1948,1079,2018-10-02,2018-10-13
1949,1188,2018-10-02,2018-10-09
1950,1108,2018-10-03,2018-10-13
1951,1114,2018-10-03,2018-10-07
1952,1125,2018-10-03,2018-10-09
1953,1089,2018-10-04,2018-10-10
1954,1062,2018-10-04,2018-10-09
1955,1130,2018-10-04,2018-10-11
1956,1108,2018-10-05,2018-10-14
1957,1017,2018-10-05,2018-10-10
1958,1109,2018-10-05,2018-10-10
1959,1044,2018-10-05,2018-10-13
1960,1147,2018-10-06,2018-10-13
1961,1095,2018-10-06,2018-10-10
1962,1140,2018-10-06,2018-10-11
1963,1004,2018-10-07,2018-10-13
1964,1069,2018-10-07,2018-10-15
1965,1162,2018-10-08,2018-10-13
1966,1069,2018-10-08,2018-10-09
1967,1028,2018-10-08,2018-10-16
1968,1105,2018-10-08,2018-10-11
1969,1072,2018-10-09,2018-10-12
1970,1194,2018-10-09,2018-10-16
1971,1140,2018-10-10,2018-10-17
1972,1046,2018-10-10,2018-10-18
1973,1162,2018-10-10,2018-10-14
1974,1094,2018-10-11,2018-10-19
1975,1090,2018-10-11,2018-10-18
1976,1109,2018-10-12,2018-10-14
1977,1096,2018-10-12,2018-10-17
1978,1052,2018-10-12,2018-10-14
1979,1067,2018-10-12,2018-10-20
1980,1165,2018-10-13,2018-10-17
1981,1156,2018-10-14,2018-10-21
1982,1070,2018-10-15,2018-10-25
1983,1101,2018-10-15,2018-10-23
1984,1017,2018-10-16,2018-10-21
1985,1175,2018-10-16,2018-10-22
1986,1151,2018-10-16,2018-10-21
1987,1124,2018-10-16,2018-10-23
1988,1148,2018-10-17,2018-10-24
1989,1197,2018-10-17,2018-10-20
1990,1093,2018-10-17,2018-10-25
1991,1154,2018-10-18,2018-10-21
1992,1026,2018-10-18,2018-10-24
1993,1100,2018-10-19,2018-10-24
1994,1040,2018-10-20,2018-10-29
1995,1085,2018-10-20,2018-10-28
1996,1100,2018-10-20,2018-10-26
1997,1173,2018-10-20,2018-10-29
1998,1071,2018-10-21,2018-10-26
1999,1009,2018-10-21,2018-10-28