student_id,grade_level,date_of_birth
19000,Senior,2001-07-19
19001,Senior,2001-02-27
19002,Senior,2001-04-18
19003,Senior,2001-12-31
19004,Senior,2001-02-26
19005,Senior,2001-09-21
19006,Senior,2001-02-27
19007,Senior,2001-01-28
19008,Senior,2001-02-17
19009,Senior,2001-11-20
19010,Senior,2001-02-13
19011,Senior,2001-04-26
19012,Senior,2001-11-01
19013,Senior,2001-09-19
19014,Senior,2001-01-27
19015,Senior,2001-11-15
19016,Senior,2001-08-15
19017,Senior,2001-08-29
19018,Senior,2001-10-31
19019,Senior,2001-10-06
19020,Senior,2001-03-28
19021,Senior,2001-10-29
19022,Senior,2001-01-23
19023,Senior,2001-12-24
19024,Senior,2001-01-23
19025,Senior,2001-03-23
19026,Senior,2001-04-20
19027,Senior,2001-01-11
19028,Senior,2001-01-28
19029,Senior,2001-04-30
19030,Senior,2001-11-01
19031,Senior,2001-09-11
19032,Senior,2001-06-28
19033,Senior,2001-09-21
19034,Senior,2001-10-29
19035,Senior,2001-08-05
19036,Senior,2001-05-30
19037,Senior,2001-12-27
19038,Senior,2001-12-28
19039,Senior,2001-01-17
19040,Senior,2001-08-07
19041,Senior,2001-03-20
19042,Senior,2001-11-24
19043,Senior,2001-06-04
19044,Senior,2001-11-01
19045,Senior,2001-08-27
19046,Senior,2001-07-24
19047,Senior,2001-07-21
19048,Senior,2001-05-29
19049,Senior,2001-11-03
19050,Senior,2001-06-29
19051,Senior,2001-06-16
19052,Senior,2001-06-28
19053,Senior,2001-05-02
19054,Senior,2001-09-07
19055,Senior,2001-07-26
19056,Senior,2001-04-30
19057,Senior,2001-09-26
19058,Senior,2001-02-25
19059,Senior,2001-12-01
19060,Senior,2001-02-21
19061,Senior,2001-06-11
19062,Senior,2001-09-02
19063,Senior,2001-01-26
19064,Senior,2001-05-11
19065,Senior,2001-10-11
19066,Senior,2001-07-04
19067,Senior,2001-11-11
19068,Senior,2001-07-24
19069,Senior,2001-07-03
19070,Senior,2001-12-21
19071,Senior,2001-04-06
19072,Senior,2001-09-18
19073,Senior,2001-07-25
19074,Senior,2001-04-20
19075,Senior,2001-10-08
19076,Senior,2001-03-14
19077,Senior,2001-11-28
19078,Senior,2001-09-26
19079,Senior,2001-05-28
19080,Senior,2001-02-14
19081,Senior,2001-01-31
19082,Senior,2001-11-06
19083,Senior,2001-07-27
19084,Senior,2001-08-11
19085,Senior,2001-10-19
19086,Senior,2001-08-21
19087,Senior,2001-04-24
19088,Senior,2001-01-09
19089,Senior,2001-10-13
19090,Senior,2001-09-15
19091,Senior,2001-05-22
19092,Senior,2001-03-24
19093,Senior,2001-11-07
19094,Senior,2001-01-20
19095,Senior,2001-02-08
19096,Senior,2001-02-03
19097,Senior,2001-08-21
19098,Senior,2001-02-27
19099,Senior,2001-07-18
19100,Senior,2001-08-22
19101,Senior,2001-10-10
19102,Senior,2001-11-12
19103,Senior,2001-12-15
19104,Senior,2001-04-07
19105,Senior,2001-03-20
19106,Senior,2001-05-30
19107,Senior,2001-05-17
19108,Senior,2001-12-25
19109,Senior,2001-01-15
19110,Senior,2001-12-29
19111,Senior,2001-07-16
19112,Senior,2001-03-07
19113,Senior,2001-12-10
19114,Senior,2001-12-12
19115,Senior,2001-11-11
19116,Senior,2001-07-01
19117,Senior,2001-09-07
19118,Senior,2001-09-09
19119,Senior,2001-03-22
19120,Senior,2001-06-25
19121,Senior,2001-04-08
19122,Senior,2001-12-29
19123,Senior,2001-04-21
19124,Senior,2001-12-12
19125,Senior,2001-03-07
19126,Senior,2001-11-11
19127,Senior,2001-09-04
19128,Senior,2001-12-22
19129,Senior,2001-03-19
19130,Senior,2001-04-02
19131,Senior,2001-06-07
19132,Senior,2001-11-14
19133,Senior,2001-07-22
19134,Senior,2001-08-30
19135,Senior,2001-01-27
19136,Senior,2001-02-21
19137,Senior,2001-07-02
19138,Senior,2001-09-26
19139,Senior,2001-09-22
19140,Senior,2001-12-25
19141,Senior,2001-03-17
19142,Senior,2001-01-09
19143,Senior,2001-06-16
19144,Senior,2001-12-08
19145,Senior,2001-04-22
19146,Senior,2001-08-19
19147,Senior,2001-12-29
19148,Senior,2001-06-21
19149,Senior,2001-03-09
19150,Senior,2001-09-20
19151,Senior,2001-06-07
19152,Senior,2001-07-15
19153,Senior,2001-12-29
19154,Senior,2001-10-08
19155,Senior,2001-11-17
19156,Senior,2001-07-24
19157,Senior,2001-08-19
19158,Senior,2001-07-11
19159,Senior,2001-11-04
19160,Senior,2001-02-20
19161,Senior,2001-08-12
19162,Senior,2001-02-08
19163,Senior,2001-06-21
19164,Senior,2001-06-22
19165,Senior,2001-06-02
19166,Senior,2001-04-20
19167,Senior,2001-02-22
19168,Senior,2001-04-18
19169,Senior,2001-03-15
19170,Senior,2001-10-11
19171,Senior,2001-06-06
19172,Senior,2001-03-16
19173,Senior,2001-02-03
19174,Senior,2001-07-02
19175,Senior,2001-04-03
19176,Senior,2001-07-04
19177,Senior,2001-12-08
19178,Senior,2001-10-13
19179,Senior,2001-10-08
19180,Senior,2001-05-14
19181,Senior,2001-07-07
19182,Senior,2001-07-13
19183,Senior,2001-10-22
19184,Senior,2001-05-05
19185,Senior,2001-03-03
19186,Senior,2001-04-01
19187,Senior,2001-01-19
19188,Senior,2001-02-23
19189,Senior,2001-05-29
19190,Senior,2001-01-16
19191,Senior,2001-08-09
19192,Senior,2001-10-15
19193,Senior,2001-07-18
19194,Senior,2001-08-24
19195,Senior,2001-01-06
19196,Senior,2001-01-05
19197,Senior,2001-05-05
19198,Senior,2001-07-07
19199,Senior,2001-04-28
19200,Senior,2001-05-13
19201,Senior,2001-01-01
19202,Senior,2001-12-24
19203,Senior,2001-06-02
19204,Senior,2001-01-11
19205,Senior,2001-06-10
19206,Senior,2001-06-21
19207,Senior,2001-06-11
19208,Senior,2001-07-08
19209,Senior,2001-09-10
19210,Senior,2001-03-30
19211,Senior,2001-06-20
19212,Senior,2001-06-26
19213,Senior,2001-02-23
19214,Senior,2001-05-02
19215,Senior,2001-12-04
19216,Senior,2001-12-30
19217,Senior,2001-04-29
19218,Senior,2001-04-07
19219,Senior,2001-04-04
19220,Senior,2001-01-15
19221,Senior,2001-10-14
19222,Senior,2001-11-12
19223,Senior,2001-01-21
19224,Senior,2001-11-08
19225,Senior,2001-10-07
19226,Senior,2001-05-09
19227,Senior,2001-08-22
19228,Senior,2001-07-19
19229,Senior,2001-11-12
19230,Senior,2001-07-04
19231,Senior,2001-02-06
19232,Senior,2001-01-27
19233,Senior,2001-10-01
19234,Senior,2001-02-19
19235,Senior,2001-06-13
19236,Senior,2001-12-02
19237,Senior,2001-08-03
19238,Senior,2001-07-15
19239,Senior,2001-05-04
19240,Senior,2001-11-26
19241,Senior,2001-01-04
19242,Senior,2001-08-31
19243,Senior,2001-08-10
19244,Senior,2001-08-12
19245,Senior,2001-04-20
19246,Senior,2001-05-07
19247,Senior,2001-12-13
19248,Senior,2001-06-01
19249,Senior,2001-04-02
19250,Senior,2001-01-23
19251,Senior,2001-05-20
19252,Senior,2001-10-02
19253,Senior,2001-07-18
19254,Senior,2001-01-20
19255,Senior,2001-03-15
19256,Senior,2001-11-11
19257,Senior,2001-08-05
19258,Senior,2001-03-17
19259,Senior,2001-07-22
19260,Senior,2001-02-06
19261,Senior,2001-06-15
19262,Senior,2001-08-10
19263,Senior,2001-08-21
19264,Senior,2001-05-01
19265,Senior,2001-08-23
19266,Senior,2001-10-13
19267,Senior,2001-07-06
19268,Senior,2001-05-10
19269,Senior,2001-11-11
19270,Junior,2002-10-01
19271,Junior,2002-07-24
19272,Junior,2002-04-22
19273,Junior,2002-12-28
19274,Junior,2002-04-13
19275,Junior,2002-10-06
19276,Junior,2002-10-11
19277,Junior,2002-06-09
19278,Junior,2002-04-30
19279,Junior,2002-01-05
19280,Junior,2002-08-27
19281,Junior,2002-06-09
19282,Junior,2002-04-09
19283,Junior,2002-01-28
19284,Junior,2002-12-29
19285,Junior,2002-11-22
19286,Junior,2002-03-03
19287,Junior,2002-07-26
19288,Junior,2002-11-03
19289,Junior,2002-11-13
19290,Junior,2002-02-09
19291,Junior,2002-07-26
19292,Junior,2002-10-21
19293,Junior,2002-08-31
19294,Junior,2002-06-22
19295,Junior,2002-08-03
19296,Junior,2002-03-17
19297,Junior,2002-11-04
19298,Junior,2002-03-15
19299,Junior,2002-02-01
19300,Junior,2002-06-05
19301,Junior,2002-10-11
19302,Junior,2002-11-28
19303,Junior,2002-04-29
19304,Junior,2002-02-20
19305,Junior,2002-10-14
19306,Junior,2002-03-29
19307,Junior,2002-02-24
19308,Junior,2002-09-09
19309,Junior,2002-04-11
19310,Junior,2002-06-20
19311,Junior,2002-01-18
19312,Junior,2002-06-01
19313,Junior,2002-05-10
19314,Junior,2002-12-01
19315,Junior,2002-03-17
19316,Junior,2002-12-29
19317,Junior,2002-04-20
19318,Junior,2002-01-24
19319,Junior,2002-04-06
19320,Junior,2002-07-17
19321,Junior,2002-03-11
19322,Junior,2002-03-21
19323,Junior,2002-06-18
19324,Junior,2002-08-28
19325,Junior,2002-11-01
19326,Junior,2002-07-23
19327,Junior,2002-06-05
19328,Junior,2002-04-14
19329,Junior,2002-04-28
19330,Junior,2002-11-26
19331,Junior,2002-11-07
19332,Junior,2002-07-10
19333,Junior,2002-02-18
19334,Junior,2002-06-04
19335,Junior,2002-06-01
19336,Junior,2002-06-24
19337,Junior,2002-06-06
19338,Junior,2002-07-04
19339,Junior,2002-10-14
19340,Junior,2002-10-13
19341,Junior,2002-09-13
19342,Junior,2002-11-24
19343,Junior,2002-05-06
19344,Junior,2002-04-11
19345,Junior,2002-07-03
19346,Junior,2002-09-16
19347,Junior,2002-06-15
19348,Junior,2002-09-24
19349,Junior,2002-09-15
19350,Junior,2002-01-11
19351,Junior,2002-08-21
19352,Junior,2002-09-20
19353,Junior,2002-03-01
19354,Junior,2002-09-06
19355,Junior,2002-01-10
19356,Junior,2002-05-06
19357,Junior,2002-11-21
19358,Junior,2002-11-22
19359,Junior,2002-09-19
19360,Junior,2002-03-18
19361,Junior,2002-08-28
19362,Junior,2002-03-05
19363,Junior,2002-02-10
19364,Junior,2002-06-28
19365,Junior,2002-07-12
19366,Junior,2002-12-22
19367,Junior,2002-11-30
19368,Junior,2002-09-11
19369,Junior,2002-09-19
19370,Junior,2002-08-09
19371,Junior,2002-09-08
19372,Junior,2002-06-21
19373,Junior,2002-10-23
19374,Junior,2002-07-10
19375,Junior,2002-07-05
19376,Junior,2002-09-30
19377,Junior,2002-12-23
19378,Junior,2002-11-23
19379,Junior,2002-12-03
19380,Junior,2002-10-27
19381,Junior,2002-03-13
19382,Junior,2002-07-18
19383,Junior,2002-05-02
19384,Junior,2002-03-24
19385,Junior,2002-12-03
19386,Junior,2002-07-11
19387,Junior,2002-12-01
19388,Junior,2002-07-09
19389,Junior,2002-09-21
19390,Junior,2002-04-13
19391,Junior,2002-10-02
19392,Junior,2002-10-16
19393,Junior,2002-01-04
19394,Junior,2002-09-02
19395,Junior,2002-12-15
19396,Junior,2002-08-04
19397,Junior,2002-11-16
19398,Junior,2002-12-03
19399,Junior,2002-10-29
19400,Junior,2002-11-25
19401,Junior,2002-07-13
19402,Junior,2002-08-30
19403,Junior,2002-12-12
19404,Junior,2002-05-24
19405,Junior,2002-07-21
19406,Junior,2002-01-02
19407,Junior,2002-07-28
19408,Junior,2002-08-20
19409,Junior,2002-06-18
19410,Junior,2002-08-21
19411,Junior,2002-05-05
19412,Junior,2002-11-27
19413,Junior,2002-07-10
19414,Junior,2002-08-26
19415,Junior,2002-09-07
19416,Junior,2002-06-26
19417,Junior,2002-08-11
19418,Junior,2002-07-23
19419,Junior,2002-12-07
19420,Junior,2002-04-21
19421,Junior,2002-12-09
19422,Junior,2002-03-29
19423,Junior,2002-03-03
19424,Junior,2002-03-23
19425,Junior,2002-01-18
19426,Junior,2002-08-13
19427,Junior,2002-12-04
19428,Junior,2002-05-01
19429,Junior,2002-11-19
19430,Junior,2002-03-25
19431,Junior,2002-07-07
19432,Junior,2002-11-19
19433,Junior,2002-01-17
19434,Junior,2002-01-11
19435,Junior,2002-03-02
19436,Junior,2002-12-02
19437,Junior,2002-09-10
19438,Junior,2002-11-20
19439,Junior,2002-03-31
19440,Junior,2002-03-16
19441,Junior,2002-08-10
19442,Junior,2002-11-23
19443,Junior,2002-07-19
19444,Junior,2002-04-30
19445,Junior,2002-09-20
19446,Junior,2002-02-25
19447,Junior,2002-11-14
19448,Junior,2002-02-16
19449,Junior,2002-12-13
19450,Junior,2002-03-31
19451,Junior,2002-02-25
19452,Junior,2002-08-31
19453,Junior,2002-11-10
19454,Junior,2002-02-10
19455,Junior,2002-08-14
19456,Junior,2002-12-24
19457,Junior,2002-06-02
19458,Junior,2002-12-14
19459,Junior,2002-12-06
19460,Junior,2002-10-23
19461,Junior,2002-11-19
19462,Junior,2002-11-01
19463,Junior,2002-10-18
19464,Junior,2002-08-25
19465,Junior,2002-02-07
19466,Junior,2002-11-03
19467,Junior,2002-06-17
19468,Junior,2002-12-25
19469,Junior,2002-05-22
19470,Junior,2002-03-13
19471,Junior,2002-10-28
19472,Junior,2002-12-12
19473,Junior,2002-06-22
19474,Junior,2002-07-01
19475,Junior,2002-03-13
19476,Junior,2002-05-22
19477,Junior,2002-12-24
19478,Junior,2002-05-21
19479,Junior,2002-08-13
19480,Junior,2002-04-27
19481,Junior,2002-01-03
19482,Junior,2002-01-13
19483,Junior,2002-07-11
19484,Junior,2002-05-01
19485,Junior,2002-03-07
19486,Junior,2002-05-26
19487,Junior,2002-11-16
19488,Junior,2002-03-27
19489,Junior,2002-05-13
19490,Junior,2002-05-10
19491,Junior,2002-10-27
19492,Junior,2002-03-28
19493,Junior,2002-11-07
19494,Junior,2002-01-08
19495,Junior,2002-12-31
19496,Junior,2002-09-17
19497,Junior,2002-09-14
19498,Junior,2002-05-02
19499,Junior,2002-10-02
19500,Junior,2002-04-12
19501,Junior,2002-02-07
19502,Junior,2002-08-28
19503,Junior,2002-09-10
19504,Junior,2002-03-20
19505,Junior,2002-12-31
19506,Junior,2002-08-31
19507,Junior,2002-03-04
19508,Junior,2002-12-31
19509,Junior,2002-04-03
19510,Junior,2002-01-22
19511,Junior,2002-08-13
19512,Junior,2002-02-27
19513,Junior,2002-10-21
19514,Junior,2002-05-03
19515,Junior,2002-02-04
19516,Junior,2002-06-04
19517,Junior,2002-01-26
19518,Junior,2002-05-29
19519,Junior,2002-12-25
19520,Junior,2002-03-23
19521,Junior,2002-01-29
19522,Junior,2002-08-29
19523,Junior,2002-09-01
19524,Junior,2002-01-28
19525,Junior,2002-02-02
19526,Junior,2002-03-22
19527,Junior,2002-07-21
19528,Junior,2002-01-06
19529,Junior,2002-01-27
19530,Junior,2002-11-20
19531,Junior,2002-07-24
19532,Junior,2002-09-22
19533,Junior,2002-10-30
19534,Junior,2002-01-11
19535,Junior,2002-12-04
19536,Junior,2002-08-10
19537,Junior,2002-03-24
19538,Junior,2002-07-08
19539,Junior,2002-01-18
19540,Junior,2002-10-31
19541,Junior,2002-05-19
19542,Junior,2002-08-18
19543,Junior,2002-06-14
19544,Junior,2002-12-14
19545,Junior,2002-05-30
19546,Junior,2002-04-08
19547,Junior,2002-12-22
19548,Junior,2002-05-20
19549,Junior,2002-02-26
19550,Junior,2002-05-03
19551,Junior,2002-02-25
19552,Junior,2002-03-29
19553,Junior,2002-03-27
19554,Junior,2002-01-25
19555,Junior,2002-09-26
19556,Junior,2002-03-23
19557,Junior,2002-10-12
19558,Junior,2002-08-21
19559,Junior,2002-05-04
19560,Junior,2002-08-18
19561,Junior,2002-06-15
19562,Junior,2002-06-01
19563,Junior,2002-05-22
19564,Junior,2002-06-17
19565,Junior,2002-07-14
19566,Junior,2002-03-13
19567,Junior,2002-12-07
19568,Junior,2002-03-08
19569,Junior,2002-12-30
19570,Junior,2002-04-17
19571,Junior,2002-02-22
19572,Junior,2002-11-04
19573,Junior,2002-07-25
19574,Junior,2002-08-28
19575,Junior,2002-07-14
19576,Junior,2002-08-04
19577,Junior,2002-09-26
19578,Junior,2002-03-15
19579,Junior,2002-06-08
19580,Junior,2002-12-24
19581,Junior,2002-02-06
19582,Junior,2002-07-13
19583,Junior,2002-07-03
19584,Junior,2002-02-10
19585,Junior,2002-04-03
19586,Junior,2002-05-23
19587,Junior,2002-10-28
19588,Junior,2002-08-16
19589,Junior,2002-07-20
19590,Junior,2002-06-21
19591,Junior,2002-07-16
19592,Junior,2002-11-19
19593,Junior,2002-07-31
19594,Junior,2002-01-15
19595,Junior,2002-07-12
19596,Junior,2002-10-12
19597,Junior,2002-11-01
19598,Junior,2002-06-18
19599,Junior,2002-09-11
19600,Junior,2002-03-30
19601,Junior,2002-08-30
19602,Junior,2002-01-06
19603,Junior,2002-11-08
19604,Junior,2002-11-19
19605,Junior,2002-01-04
19606,Junior,2002-01-26
19607,Junior,2002-01-28
19608,Junior,2002-03-11
19609,Junior,2002-12-05
19610,Junior,2002-05-09
19611,Junior,2002-02-22
19612,Junior,2002-06-20
19613,Junior,2002-05-15
19614,Junior,2002-01-28
19615,Junior,2002-11-21
19616,Junior,2002-11-24
19617,Junior,2002-04-27
19618,Junior,2002-04-23
19619,Junior,2002-06-29
19620,Junior,2002-06-24
19621,Junior,2002-08-21
19622,Junior,2002-09-13
19623,Junior,2002-08-13
19624,Junior,2002-11-16
19625,Junior,2002-06-03
19626,Junior,2002-05-31
19627,Junior,2002-01-15
19628,Junior,2002-09-03
19629,Junior,2002-10-29
19630,Junior,2002-06-22
19631,Junior,2002-10-27
19632,Junior,2002-08-05
19633,Junior,2002-08-10
19634,Junior,2002-10-07
19635,Junior,2002-06-03
19636,Junior,2002-07-04
19637,Junior,2002-08-11
19638,Junior,2002-04-15
19639,Junior,2002-04-06
19640,Junior,2002-08-23
19641,Junior,2002-02-18
19642,Junior,2002-10-17
19643,Junior,2002-09-18
19644,Junior,2002-05-01
19645,Junior,2002-10-21
19646,Junior,2002-09-09
19647,Junior,2002-07-09
19648,Junior,2002-07-25
19649,Junior,2002-02-27
19650,Junior,2002-02-20
19651,Junior,2002-07-17
19652,Junior,2002-10-08
19653,Junior,2002-03-15
19654,Junior,2002-11-13
19655,Junior,2002-07-25
19656,Junior,2002-04-18
19657,Junior,2002-04-21
19658,Junior,2002-11-13
19659,Junior,2002-11-10
19660,Junior,2002-05-28
19661,Junior,2002-05-05
19662,Junior,2002-04-22
19663,Junior,2002-07-26
19664,Junior,2002-10-14
19665,Junior,2002-04-24
19666,Junior,2002-12-31
19667,Junior,2002-09-21
19668,Junior,2002-05-04
19669,Junior,2002-12-10
19670,Junior,2002-04-06
19671,Junior,2002-10-06
19672,Junior,2002-11-12
19673,Junior,2002-01-28
19674,Junior,2002-11-17
19675,Junior,2002-09-04
19676,Junior,2002-06-20
19677,Junior,2002-06-27
19678,Junior,2002-06-09
19679,Junior,2002-10-06
19680,Junior,2002-02-21
19681,Junior,2002-10-05
19682,Junior,2002-01-14
19683,Junior,2002-03-07
19684,Junior,2002-06-06
19685,Junior,2002-05-14
19686,Junior,2002-05-26
19687,Junior,2002-03-25
19688,Junior,2002-07-25
19689,Junior,2002-03-19
19690,Junior,2002-03-01
19691,Junior,2002-10-08
19692,Junior,2002-02-16
19693,Junior,2002-07-02
19694,Junior,2002-03-19
19695,Junior,2002-06-05
19696,Junior,2002-08-20
19697,Junior,2002-12-20
19698,Junior,2002-08-02
19699,Junior,2002-02-24
19700,Junior,2002-10-25
19701,Junior,2002-12-18
19702,Junior,2002-04-22
19703,Junior,2002-07-29
19704,Junior,2002-10-22
19705,Junior,2002-12-06
19706,Junior,2002-02-02
19707,Junior,2002-10-10
19708,Junior,2002-04-14
19709,Junior,2002-10-09
19710,Junior,2002-03-03
19711,Junior,2002-01-06
19712,Junior,2002-05-07
19713,Junior,2002-07-10
19714,Junior,2002-04-17
19715,Junior,2002-04-26
19716,Junior,2002-06-05
19717,Junior,2002-11-25
19718,Junior,2002-04-02
19719,Junior,2002-07-20
19720,Sophmore,2003-03-03
19721,Sophmore,2003-12-20
19722,Sophmore,2003-12-16
19723,Sophmore,2003-12-23
19724,Sophmore,2003-12-08
19725,Sophmore,2003-08-12
19726,Sophmore,2003-12-22
19727,Sophmore,2003-06-18
19728,Sophmore,2003-07-15
19729,Sophmore,2003-02-14
19730,Sophmore,2003-01-03
19731,Sophmore,2003-11-28
19732,Sophmore,2003-03-14
19733,Sophmore,2003-04-24
19734,Sophmore,2003-08-01
19735,Sophmore,2003-07-27
19736,Sophmore,2003-12-11
19737,Sophmore,2003-11-16
19738,Sophmore,2003-12-09
19739,Sophmore,2003-09-01
19740,Sophmore,2003-06-04
19741,Sophmore,2003-09-25
19742,Sophmore,2003-03-15
19743,Sophmore,2003-05-08
19744,Sophmore,2003-03-22
19745,Sophmore,2003-10-27
19746,Sophmore,2003-12-21
19747,Sophmore,2003-08-31
19748,Sophmore,2003-01-29
19749,Sophmore,2003-11-23
19750,Sophmore,2003-08-19
19751,Sophmore,2003-06-28
19752,Sophmore,2003-06-27
19753,Sophmore,2003-11-14
19754,Sophmore,2003-02-23
19755,Sophmore,2003-08-04
19756,Sophmore,2003-07-20
19757,Sophmore,2003-12-28
19758,Sophmore,2003-06-13
19759,Sophmore,2003-08-07
19760,Sophmore,2003-04-09
19761,Sophmore,2003-03-18
19762,Sophmore,2003-09-03
19763,Sophmore,2003-10-16
19764,Sophmore,2003-10-29
19765,Sophmore,2003-03-30
19766,Sophmore,2003-11-18
19767,Sophmore,2003-01-27
19768,Sophmore,2003-08-02
19769,Sophmore,2003-11-27
19770,Sophmore,2003-10-10
19771,Sophmore,2003-07-10
19772,Sophmore,2003-04-11
19773,Sophmore,2003-12-23
19774,Sophmore,2003-07-09
19775,Sophmore,2003-07-15
19776,Sophmore,2003-11-07
19777,Sophmore,2003-03-14
19778,Sophmore,2003-12-30
19779,Sophmore,2003-04-27
19780,Sophmore,2003-10-25
19781,Sophmore,2003-03-15
19782,Sophmore,2003-09-11
19783,Sophmore,2003-03-03
19784,Sophmore,2003-06-07
19785,Sophmore,2003-04-23
19786,Sophmore,2003-01-23
19787,Sophmore,2003-08-03
19788,Sophmore,2003-05-28
19789,Sophmore,2003-09-22
19790,Sophmore,2003-08-26
19791,Sophmore,2003-06-29
19792,Sophmore,2003-03-11
19793,Sophmore,2003-03-05
19794,Sophmore,2003-04-08
19795,Sophmore,2003-02-26
19796,Sophmore,2003-02-19
19797,Sophmore,2003-01-22
19798,Sophmore,2003-08-11
19799,Sophmore,2003-04-16
19800,Sophmore,2003-07-21
19801,Sophmore,2003-06-06
19802,Sophmore,2003-02-01
19803,Sophmore,2003-09-29
19804,Sophmore,2003-08-30
19805,Sophmore,2003-04-16
19806,Sophmore,2003-07-12
19807,Sophmore,2003-11-07
19808,Sophmore,2003-02-05
19809,Sophmore,2003-10-20
19810,Sophmore,2003-06-06
19811,Sophmore,2003-08-11
19812,Sophmore,2003-04-13
19813,Sophmore,2003-11-14
19814,Sophmore,2003-10-24
19815,Sophmore,2003-10-08
19816,Sophmore,2003-04-17
19817,Sophmore,2003-01-08
19818,Sophmore,2003-01-07
19819,Sophmore,2003-02-28
19820,Sophmore,2003-07-19
19821,Sophmore,2003-05-30
19822,Sophmore,2003-12-31
19823,Sophmore,2003-06-05
19824,Sophmore,2003-03-14
19825,Sophmore,2003-08-09
19826,Sophmore,2003-05-12
19827,Sophmore,2003-01-14
19828,Sophmore,2003-06-18
19829,Sophmore,2003-06-14
19830,Sophmore,2003-01-21
19831,Sophmore,2003-12-30
19832,Sophmore,2003-07-24
19833,Sophmore,2003-07-31
19834,Sophmore,2003-03-06
19835,Sophmore,2003-08-27
19836,Sophmore,2003-08-04
19837,Sophmore,2003-06-13
19838,Sophmore,2003-06-10
19839,Sophmore,2003-10-10
19840,Sophmore,2003-02-02
19841,Sophmore,2003-11-16
19842,Sophmore,2003-10-26
19843,Sophmore,2003-01-13
19844,Sophmore,2003-02-05
19845,Sophmore,2003-09-26
19846,Sophmore,2003-03-01
19847,Sophmore,2003-05-21
19848,Sophmore,2003-10-23
19849,Sophmore,2003-03-06
19850,Sophmore,2003-05-22
19851,Sophmore,2003-07-05
19852,Sophmore,2003-06-10
19853,Sophmore,2003-03-25
19854,Sophmore,2003-12-09
19855,Sophmore,2003-02-01
19856,Sophmore,2003-07-13
19857,Sophmore,2003-05-11
19858,Sophmore,2003-01-14
19859,Sophmore,2003-10-18
19860,Sophmore,2003-05-11
19861,Sophmore,2003-04-25
19862,Sophmore,2003-04-16
19863,Sophmore,2003-12-05
19864,Sophmore,2003-09-02
19865,Sophmore,2003-06-08
19866,Sophmore,2003-04-04
19867,Sophmore,2003-06-14
19868,Sophmore,2003-03-13
19869,Sophmore,2003-01-22
19870,Sophmore,2003-08-28
19871,Sophmore,2003-02-11
19872,Sophmore,2003-09-17
19873,Sophmore,2003-02-12
19874,Sophmore,2003-09-08
19875,Sophmore,2003-11-29
19876,Sophmore,2003-12-07
19877,Sophmore,2003-06-28
19878,Sophmore,2003-08-27
19879,Sophmore,2003-01-22
19880,Sophmore,2003-09-02
19881,Sophmore,2003-10-03
19882,Sophmore,2003-09-02
19883,Sophmore,2003-07-07
19884,Sophmore,2003-12-10
19885,Sophmore,2003-08-23
19886,Sophmore,2003-10-07
19887,Sophmore,2003-11-02
19888,Sophmore,2003-07-28
19889,Sophmore,2003-12-02
19890,Sophmore,2003-11-16
19891,Sophmore,2003-11-24
19892,Sophmore,2003-02-09
19893,Sophmore,2003-02-18
19894,Sophmore,2003-04-02
19895,Sophmore,2003-08-01
19896,Sophmore,2003-02-12
19897,Sophmore,2003-06-19
19898,Sophmore,2003-03-22
19899,Sophmore,2003-12-12
19900,Sophmore,2003-10-17
19901,Sophmore,2003-06-23
19902,Sophmore,2003-09-24
19903,Sophmore,2003-12-06
19904,Sophmore,2003-11-26
19905,Sophmore,2003-10-12
19906,Sophmore,2003-04-06
19907,Sophmore,2003-10-15
19908,Sophmore,2003-05-29
19909,Sophmore,2003-03-01
19910,Sophmore,2003-09-18
19911,Sophmore,2003-08-27
19912,Sophmore,2003-12-03
19913,Sophmore,2003-01-09
19914,Sophmore,2003-05-25
19915,Sophmore,2003-11-01
19916,Sophmore,2003-06-13
19917,Sophmore,2003-04-16
19918,Sophmore,2003-09-05
19919,Sophmore,2003-06-26
19920,Sophmore,2003-12-20
19921,Sophmore,2003-02-11
19922,Sophmore,2003-01-21
19923,Sophmore,2003-03-19
19924,Sophmore,2003-04-06
19925,Sophmore,2003-06-26
19926,Sophmore,2003-05-25
19927,Sophmore,2003-09-30
19928,Sophmore,2003-10-06
19929,Sophmore,2003-10-01
19930,Sophmore,2003-02-26
19931,Sophmore,2003-06-30
19932,Sophmore,2003-11-20
19933,Sophmore,2003-01-30
19934,Sophmore,2003-01-01
19935,Sophmore,2003-01-10
19936,Sophmore,2003-08-29
19937,Sophmore,2003-08-10
19938,Sophmore,2003-10-18
19939,Sophmore,2003-05-27
19940,Sophmore,2003-11-28
19941,Sophmore,2003-06-29
19942,Sophmore,2003-09-20
19943,Sophmore,2003-08-07
19944,Sophmore,2003-10-04
19945,Sophmore,2003-05-07
19946,Sophmore,2003-02-03
19947,Sophmore,2003-01-13
19948,Sophmore,2003-01-30
19949,Sophmore,2003-04-29
19950,Sophmore,2003-01-12
19951,Sophmore,2003-12-14
19952,Sophmore,2003-05-28
19953,Sophmore,2003-08-29
19954,Sophmore,2003-09-07
19955,Sophmore,2003-09-06
19956,Sophmore,2003-02-21
19957,Sophmore,2003-09-23
19958,Sophmore,2003-01-29
19959,Sophmore,2003-02-02
19960,Sophmore,2003-03-20
19961,Sophmore,2003-06-11
19962,Sophmore,2003-03-29
19963,Sophmore,2003-11-25
19964,Sophmore,2003-02-04
19965,Sophmore,2003-04-19
19966,Sophmore,2003-03-09
19967,Sophmore,2003-03-03
19968,Sophmore,2003-03-21
19969,Sophmore,2003-10-06
19970,Sophmore,2003-07-20
19971,Sophmore,2003-04-09
19972,Sophmore,2003-08-12
19973,Sophmore,2003-05-07
19974,Sophmore,2003-07-22
19975,Sophmore,2003-08-13
19976,Sophmore,2003-02-14
19977,Sophmore,2003-04-30
19978,Sophmore,2003-02-21
19979,Sophmore,2003-01-17
19980,Sophmore,2003-08-29
19981,Sophmore,2003-12-20
19982,Sophmore,2003-04-03
19983,Sophmore,2003-01-11
19984,Sophmore,2003-07-18
19985,Sophmore,2003-05-01
19986,Sophmore,2003-01-08
19987,Sophmore,2003-09-04
19988,Sophmore,2003-10-31
19989,Sophmore,2003-05-25
19990,Sophmore,2003-06-14
19991,Sophmore,2003-11-23
19992,Sophmore,2003-07-07
19993,Sophmore,2003-11-18
19994,Sophmore,2003-10-30
19995,Sophmore,2003-12-16
19996,Sophmore,2003-07-26
19997,Sophmore,2003-11-12
19998,Sophmore,2003-09-14
19999,Sophmore,2003-03-23
20000,Sophmore,2003-02-07
20001,Sophmore,2003-02-28
20002,Sophmore,2003-08-13
20003,Sophmore,2003-01-09
20004,Sophmore,2003-05-11
20005,Sophmore,2003-08-24
20006,Sophmore,2003-11-10
20007,Sophmore,2003-04-20
20008,Sophmore,2003-05-29
20009,Sophmore,2003-09-14
20010,Sophmore,2003-08-05
20011,Sophmore,2003-03-18
20012,Sophmore,2003-02-15
20013,Sophmore,2003-06-10
20014,Sophmore,2003-05-31
20015,Sophmore,2003-09-27
20016,Sophmore,2003-01-24
20017,Sophmore,2003-03-22
20018,Sophmore,2003-02-15
20019,Sophmore,2003-06-09
20020,Sophmore,2003-08-24
20021,Sophmore,2003-04-29
20022,Sophmore,2003-07-21
20023,Sophmore,2003-02-17
20024,Sophmore,2003-02-03
20025,Sophmore,2003-02-09
20026,Sophmore,2003-03-21
20027,Sophmore,2003-08-17
20028,Sophmore,2003-12-17
20029,Sophmore,2003-03-02
20030,Sophmore,2003-07-18
20031,Sophmore,2003-07-05
20032,Sophmore,2003-08-15
20033,Sophmore,2003-09-23
20034,Sophmore,2003-11-02
20035,Sophmore,2003-01-29
20036,Sophmore,2003-10-07
20037,Sophmore,2003-01-31
20038,Sophmore,2003-10-03
20039,Sophmore,2003-07-02
20040,Sophmore,2003-06-16
20041,Sophmore,2003-10-02
20042,Sophmore,2003-08-01
20043,Sophmore,2003-04-17
20044,Sophmore,2003-11-02
20045,Sophmore,2003-08-21
20046,Sophmore,2003-09-25
20047,Sophmore,2003-05-31
20048,Sophmore,2003-02-13
20049,Sophmore,2003-11-23
20050,Sophmore,2003-05-03
20051,Sophmore,2003-12-09
20052,Sophmore,2003-03-09
20053,Sophmore,2003-12-21
20054,Sophmore,2003-08-23
20055,Sophmore,2003-10-31
20056,Sophmore,2003-01-12
20057,Sophmore,2003-11-24
20058,Sophmore,2003-10-03
20059,Sophmore,2003-12-08
20060,Sophmore,2003-07-28
20061,Sophmore,2003-11-25
20062,Sophmore,2003-07-18
20063,Sophmore,2003-03-12
20064,Sophmore,2003-11-16
20065,Sophmore,2003-01-08
20066,Sophmore,2003-08-14
20067,Sophmore,2003-07-10
20068,Sophmore,2003-03-29
20069,Sophmore,2003-09-16
20070,Sophmore,2003-04-21
20071,Sophmore,2003-07-09
20072,Sophmore,2003-07-29
20073,Sophmore,2003-11-07
20074,Sophmore,2003-09-02
20075,Sophmore,2003-02-14
20076,Sophmore,2003-08-19
20077,Sophmore,2003-12-19
20078,Sophmore,2003-05-19
20079,Sophmore,2003-04-26
20080,Sophmore,2003-08-12
20081,Sophmore,2003-03-20
20082,Sophmore,2003-05-31
20083,Sophmore,2003-12-04
20084,Sophmore,2003-06-22
20085,Sophmore,2003-08-09
20086,Sophmore,2003-01-01
20087,Sophmore,2003-03-25
20088,Sophmore,2003-02-17
20089,Sophmore,2003-11-19
20090,Sophmore,2003-03-22
20091,Sophmore,2003-05-01
20092,Sophmore,2003-06-17
20093,Sophmore,2003-10-09
20094,Sophmore,2003-03-04
20095,Sophmore,2003-10-30
20096,Sophmore,2003-09-26
20097,Sophmore,2003-03-22
20098,Sophmore,2003-02-26
20099,Sophmore,2003-09-09
20100,Sophmore,2003-05-05
20101,Sophmore,2003-05-13
20102,Sophmore,2003-11-30
20103,Sophmore,2003-04-02
20104,Sophmore,2003-12-28
20105,Sophmore,2003-03-27
20106,Sophmore,2003-02-19
20107,Sophmore,2003-03-20
20108,Sophmore,2003-09-04
20109,Sophmore,2003-03-16
20110,Sophmore,2003-11-02
20111,Sophmore,2003-09-10
20112,Sophmore,2003-12-25
20113,Sophmore,2003-10-20
20114,Sophmore,2003-10-24
20115,Sophmore,2003-04-20
20116,Sophmore,2003-10-21
20117,Sophmore,2003-03-12
20118,Sophmore,2003-12-20
20119,Sophmore,2003-02-11
20120,Sophmore,2003-01-19
20121,Sophmore,2003-05-13
20122,Sophmore,2003-11-11
20123,Sophmore,2003-01-16
20124,Sophmore,2003-10-31
20125,Sophmore,2003-02-23
20126,Sophmore,2003-04-29
20127,Sophmore,2003-06-06
20128,Sophmore,2003-03-04
20129,Sophmore,2003-08-06
20130,Sophmore,2003-09-28
20131,Sophmore,2003-02-22
20132,Sophmore,2003-11-06
20133,Sophmore,2003-04-01
20134,Sophmore,2003-09-03
20135,Sophmore,2003-11-06
20136,Sophmore,2003-04-16
20137,Sophmore,2003-02-16
20138,Sophmore,2003-09-03
20139,Sophmore,2003-05-11
20140,Sophmore,2003-02-16
20141,Sophmore,2003-07-06
20142,Sophmore,2003-08-05
20143,Sophmore,2003-10-18
20144,Sophmore,2003-11-23
20145,Sophmore,2003-12-28
20146,Sophmore,2003-05-09
20147,Sophmore,2003-05-05
20148,Sophmore,2003-10-10
20149,Sophmore,2003-12-11
20150,Sophmore,2003-08-25
20151,Sophmore,2003-12-29
20152,Sophmore,2003-03-16
20153,Sophmore,2003-12-19
20154,Sophmore,2003-12-31
20155,Sophmore,2003-01-05
20156,Sophmore,2003-06-16
20157,Sophmore,2003-10-01
20158,Sophmore,2003-02-22
20159,Sophmore,2003-07-30
20160,Sophmore,2003-06-10
20161,Sophmore,2003-06-15
20162,Sophmore,2003-06-05
20163,Sophmore,2003-02-14
20164,Sophmore,2003-04-08
20165,Sophmore,2003-09-13
20166,Sophmore,2003-09-13
20167,Sophmore,2003-12-02
20168,Sophmore,2003-07-26
20169,Sophmore,2003-04-30
20170,Sophmore,2003-09-06
20171,Sophmore,2003-09-20
20172,Sophmore,2003-09-12
20173,Sophmore,2003-10-05
20174,Sophmore,2003-07-02
20175,Sophmore,2003-07-01
20176,Sophmore,2003-08-21
20177,Sophmore,2003-01-28
20178,Sophmore,2003-08-20
20179,Sophmore,2003-11-13
20180,Sophmore,2003-12-31
20181,Sophmore,2003-01-19
20182,Sophmore,2003-10-03
20183,Sophmore,2003-04-29
20184,Sophmore,2003-09-16
20185,Sophmore,2003-03-31
20186,Sophmore,2003-01-18
20187,Sophmore,2003-05-21
20188,Sophmore,2003-08-08
20189,Sophmore,2003-01-17
20190,Sophmore,2003-09-18
20191,Sophmore,2003-10-04
20192,Sophmore,2003-09-18
20193,Sophmore,2003-09-20
20194,Sophmore,2003-01-01
20195,Sophmore,2003-03-07
20196,Sophmore,2003-06-11
20197,Sophmore,2003-04-22
20198,Sophmore,2003-11-10
20199,Sophmore,2003-11-19
20200,Sophmore,2003-09-28
20201,Sophmore,2003-06-23
20202,Sophmore,2003-05-27
20203,Sophmore,2003-02-27
20204,Sophmore,2003-01-15
20205,Sophmore,2003-02-03
20206,Sophmore,2003-01-27
20207,Sophmore,2003-07-27
20208,Sophmore,2003-10-13
20209,Sophmore,2003-05-25
20210,Sophmore,2003-12-10
20211,Sophmore,2003-06-24
20212,Sophmore,2003-01-27
20213,Sophmore,2003-02-23
20214,Sophmore,2003-10-29
20215,Sophmore,2003-06-09
20216,Sophmore,2003-09-01
20217,Sophmore,2003-09-04
20218,Sophmore,2003-01-15
20219,Sophmore,2003-09-13
20220,Sophmore,2003-01-10
20221,Sophmore,2003-04-20
20222,Sophmore,2003-08-18
20223,Sophmore,2003-03-01
20224,Sophmore,2003-06-24
20225,Sophmore,2003-04-02
20226,Sophmore,2003-02-17
20227,Sophmore,2003-05-09
20228,Sophmore,2003-01-31
20229,Sophmore,2003-09-28
20230,Sophmore,2003-04-24
20231,Sophmore,2003-01-24
20232,Sophmore,2003-09-07
20233,Sophmore,2003-08-26
20234,Sophmore,2003-03-24
20235,Sophmore,2003-11-26
20236,Sophmore,2003-08-02
20237,Sophmore,2003-06-18
20238,Sophmore,2003-12-02
20239,Sophmore,2003-02-09
20240,Sophmore,2003-01-11
20241,Sophmore,2003-12-14
20242,Sophmore,2003-05-17
20243,Sophmore,2003-10-23
20244,Sophmore,2003-01-27
20245,Sophmore,2003-07-05
20246,Sophmore,2003-07-15
20247,Sophmore,2003-03-10
20248,Sophmore,2003-06-09
20249,Sophmore,2003-12-22
20250,Sophmore,2003-11-13
20251,Sophmore,2003-12-14
20252,Sophmore,2003-09-28
20253,Sophmore,2003-05-15
20254,Sophmore,2003-05-14
20255,Sophmore,2003-12-08
20256,Sophmore,2003-08-30
20257,Sophmore,2003-03-30
20258,Sophmore,2003-09-16
20259,Sophmore,2003-01-18
20260,Freshman,2004-10-04
20261,Freshman,2004-08-22
20262,Freshman,2004-03-17
20263,Freshman,2004-04-08
20264,Freshman,2004-05-22
20265,Freshman,2004-06-04
20266,Freshman,2004-10-29
20267,Freshman,2004-08-20
20268,Freshman,2004-08-17
20269,Freshman,2004-06-06
20270,Freshman,2004-02-10
20271,Freshman,2004-07-15
20272,Freshman,2004-04-29
20273,Freshman,2004-04-19
20274,Freshman,2004-03-02
20275,Freshman,2004-05-29
20276,Freshman,2004-07-28
20277,Freshman,2004-10-10
20278,Freshman,2004-04-29
20279,Freshman,2004-09-02
20280,Freshman,2004-09-11
20281,Freshman,2004-02-21
20282,Freshman,2004-07-29
20283,Freshman,2004-02-21
20284,Freshman,2004-05-04
20285,Freshman,2004-11-17
20286,Freshman,2004-12-05
20287,Freshman,2004-01-24
20288,Freshman,2004-01-24
20289,Freshman,2004-08-07
20290,Freshman,2004-05-08
20291,Freshman,2004-08-22
20292,Freshman,2004-04-30
20293,Freshman,2004-09-02
20294,Freshman,2004-07-23
20295,Freshman,2004-03-14
20296,Freshman,2004-02-27
20297,Freshman,2004-03-11
20298,Freshman,2004-11-12
20299,Freshman,2004-10-23
20300,Freshman,2004-02-19
20301,Freshman,2004-05-28
20302,Freshman,2004-04-27
20303,Freshman,2004-11-26
20304,Freshman,2004-03-04
20305,Freshman,2004-05-24
20306,Freshman,2004-07-29
20307,Freshman,2004-04-29
20308,Freshman,2004-05-04
20309,Freshman,2004-06-09
20310,Freshman,2004-11-22
20311,Freshman,2004-08-02
20312,Freshman,2004-01-07
20313,Freshman,2004-12-01
20314,Freshman,2004-12-27
20315,Freshman,2004-03-23
20316,Freshman,2004-06-24
20317,Freshman,2004-10-31
20318,Freshman,2004-10-29
20319,Freshman,2004-04-16
20320,Freshman,2004-08-18
20321,Freshman,2004-08-01
20322,Freshman,2004-11-23
20323,Freshman,2004-05-02
20324,Freshman,2004-08-15
20325,Freshman,2004-07-25
20326,Freshman,2004-01-03
20327,Freshman,2004-04-14
20328,Freshman,2004-09-26
20329,Freshman,2004-09-22
20330,Freshman,2004-08-08
20331,Freshman,2004-08-07
20332,Freshman,2004-08-26
20333,Freshman,2004-08-08
20334,Freshman,2004-07-08
20335,Freshman,2004-01-14
20336,Freshman,2004-02-03
20337,Freshman,2004-11-17
20338,Freshman,2004-02-06
20339,Freshman,2004-04-12
20340,Freshman,2004-08-10
20341,Freshman,2004-03-24
20342,Freshman,2004-02-23
20343,Freshman,2004-01-18
20344,Freshman,2004-08-07
20345,Freshman,2004-10-06
20346,Freshman,2004-03-27
20347,Freshman,2004-05-28
20348,Freshman,2004-08-03
20349,Freshman,2004-04-13
20350,Freshman,2004-05-11
20351,Freshman,2004-07-06
20352,Freshman,2004-08-30
20353,Freshman,2004-12-16
20354,Freshman,2004-03-10
20355,Freshman,2004-07-25
20356,Freshman,2004-12-11
20357,Freshman,2004-12-28
20358,Freshman,2004-02-25
20359,Freshman,2004-06-12
20360,Freshman,2004-08-27
20361,Freshman,2004-10-01
20362,Freshman,2004-05-21
20363,Freshman,2004-11-29
20364,Freshman,2004-08-18
20365,Freshman,2004-09-20
20366,Freshman,2004-04-24
20367,Freshman,2004-05-25
20368,Freshman,2004-04-12
20369,Freshman,2004-03-29
20370,Freshman,2004-10-23
20371,Freshman,2004-07-08
20372,Freshman,2004-01-13
20373,Freshman,2004-12-11
20374,Freshman,2004-11-29
20375,Freshman,2004-06-09
20376,Freshman,2004-08-28
20377,Freshman,2004-08-09
20378,Freshman,2004-10-07
20379,Freshman,2004-05-02
20380,Freshman,2004-12-29
20381,Freshman,2004-02-09
20382,Freshman,2004-07-27
20383,Freshman,2004-01-27
20384,Freshman,2004-06-02
20385,Freshman,2004-09-08
20386,Freshman,2004-10-11
20387,Freshman,2004-04-24
20388,Freshman,2004-04-22
20389,Freshman,2004-02-16
20390,Freshman,2004-06-18
20391,Freshman,2004-10-27
20392,Freshman,2004-01-18
20393,Freshman,2004-08-07
20394,Freshman,2004-07-17
20395,Freshman,2004-03-31
20396,Freshman,2004-09-03
20397,Freshman,2004-01-31
20398,Freshman,2004-02-16
20399,Freshman,2004-12-19
20400,Freshman,2004-03-26
20401,Freshman,2004-06-04
20402,Freshman,2004-05-04
20403,Freshman,2004-09-22
20404,Freshman,2004-04-07
20405,Freshman,2004-11-29
20406,Freshman,2004-02-13
20407,Freshman,2004-11-25
20408,Freshman,2004-08-01
20409,Freshman,2004-04-15
20410,Freshman,2004-05-19
20411,Freshman,2004-09-26
20412,Freshman,2004-01-29
20413,Freshman,2004-07-31
20414,Freshman,2004-07-19
20415,Freshman,2004-12-14
20416,Freshman,2004-07-05
20417,Freshman,2004-04-19
20418,Freshman,2004-07-13
20419,Freshman,2004-10-01
20420,Freshman,2004-09-15
20421,Freshman,2004-11-30
20422,Freshman,2004-06-12
20423,Freshman,2004-03-26
20424,Freshman,2004-06-02
20425,Freshman,2004-03-12
20426,Freshman,2004-01-28
20427,Freshman,2004-10-22
20428,Freshman,2004-03-06
20429,Freshman,2004-08-31
20430,Freshman,2004-05-07
20431,Freshman,2004-06-30
20432,Freshman,2004-11-22
20433,Freshman,2004-02-03
20434,Freshman,2004-08-23
20435,Freshman,2004-06-04
20436,Freshman,2004-06-29
20437,Freshman,2004-09-07
20438,Freshman,2004-09-12
20439,Freshman,2004-12-14
20440,Freshman,2004-10-01
20441,Freshman,2004-04-30
20442,Freshman,2004-04-20
20443,Freshman,2004-06-10
20444,Freshman,2004-01-02
20445,Freshman,2004-08-29
20446,Freshman,2004-06-16
20447,Freshman,2004-11-15
20448,Freshman,2004-05-14
20449,Freshman,2004-03-06
20450,Freshman,2004-01-29
20451,Freshman,2004-02-15
20452,Freshman,2004-05-04
20453,Freshman,2004-03-06
20454,Freshman,2004-04-25
20455,Freshman,2004-06-27
20456,Freshman,2004-01-21
20457,Freshman,2004-03-25
20458,Freshman,2004-10-07
20459,Freshman,2004-08-01
20460,Freshman,2004-02-08
20461,Freshman,2004-12-03
20462,Freshman,2004-12-09
20463,Freshman,2004-03-12
20464,Freshman,2004-09-27
20465,Freshman,2004-02-08
20466,Freshman,2004-12-04
20467,Freshman,2004-02-23
20468,Freshman,2004-06-16
20469,Freshman,2004-06-12
20470,Freshman,2004-08-16
20471,Freshman,2004-06-30
20472,Freshman,2004-05-22
20473,Freshman,2004-04-04
20474,Freshman,2004-05-10
20475,Freshman,2004-06-15
20476,Freshman,2004-01-07
20477,Freshman,2004-08-28
20478,Freshman,2004-12-06
20479,Freshman,2004-06-13
20480,Freshman,2004-11-26
20481,Freshman,2004-11-09
20482,Freshman,2004-07-20
20483,Freshman,2004-04-28
20484,Freshman,2004-08-31
20485,Freshman,2004-09-04
20486,Freshman,2004-09-17
20487,Freshman,2004-03-30
20488,Freshman,2004-01-10
20489,Freshman,2004-09-25
20490,Freshman,2004-04-25
20491,Freshman,2004-09-04
20492,Freshman,2004-08-30
20493,Freshman,2004-01-03
20494,Freshman,2004-01-10
20495,Freshman,2004-02-06
20496,Freshman,2004-01-25
20497,Freshman,2004-02-02
20498,Freshman,2004-04-02
20499,Freshman,2004-05-13
20500,Freshman,2004-02-18
20501,Freshman,2004-11-08
20502,Freshman,2004-10-17
20503,Freshman,2004-09-25
20504,Freshman,2004-03-10
20505,Freshman,2004-01-12
20506,Freshman,2004-03-13
20507,Freshman,2004-08-06
20508,Freshman,2004-10-23
20509,Freshman,2004-08-25
20510,Freshman,2004-03-15
20511,Freshman,2004-10-25
20512,Freshman,2004-07-20
20513,Freshman,2004-09-06
20514,Freshman,2004-04-30
20515,Freshman,2004-10-24
20516,Freshman,2004-04-21
20517,Freshman,2004-07-03
20518,Freshman,2004-09-02
20519,Freshman,2004-12-12
20520,Freshman,2004-06-05
20521,Freshman,2004-01-30
20522,Freshman,2004-05-29
20523,Freshman,2004-02-28
20524,Freshman,2004-11-19
20525,Freshman,2004-04-20
20526,Freshman,2004-07-09
20527,Freshman,2004-02-16
20528,Freshman,2004-02-04
20529,Freshman,2004-07-07
20530,Freshman,2004-03-22
20531,Freshman,2004-05-09
20532,Freshman,2004-09-24
20533,Freshman,2004-11-15
20534,Freshman,2004-06-25
20535,Freshman,2004-05-16
20536,Freshman,2004-09-20
20537,Freshman,2004-05-24
20538,Freshman,2004-02-14
20539,Freshman,2004-02-21
20540,Freshman,2004-09-11
20541,Freshman,2004-03-16
20542,Freshman,2004-05-22
20543,Freshman,2004-05-19
20544,Freshman,2004-03-02
20545,Freshman,2004-03-12
20546,Freshman,2004-02-20
20547,Freshman,2004-08-03
20548,Freshman,2004-07-24
20549,Freshman,2004-02-17
20550,Freshman,2004-03-14
20551,Freshman,2004-09-15
20552,Freshman,2004-11-22
20553,Freshman,2004-06-15
20554,Freshman,2004-05-29
20555,Freshman,2004-07-24
20556,Freshman,2004-03-05
20557,Freshman,2004-11-22
20558,Freshman,2004-02-05
20559,Freshman,2004-11-01
20560,Freshman,2004-11-09
20561,Freshman,2004-12-06
20562,Freshman,2004-03-03
20563,Freshman,2004-04-21
20564,Freshman,2004-12-05
20565,Freshman,2004-05-08
20566,Freshman,2004-08-27
20567,Freshman,2004-04-13
20568,Freshman,2004-03-20
20569,Freshman,2004-05-11
20570,Freshman,2004-09-30
20571,Freshman,2004-11-19
20572,Freshman,2004-02-22
20573,Freshman,2004-02-23
20574,Freshman,2004-05-13
20575,Freshman,2004-11-26
20576,Freshman,2004-11-12
20577,Freshman,2004-05-06
20578,Freshman,2004-09-18
20579,Freshman,2004-07-22
20580,Freshman,2004-08-01
20581,Freshman,2004-09-05
20582,Freshman,2004-04-06
20583,Freshman,2004-03-17
20584,Freshman,2004-10-29
20585,Freshman,2004-05-10
20586,Freshman,2004-03-24
20587,Freshman,2004-11-27
20588,Freshman,2004-11-14
20589,Freshman,2004-02-16
20590,Freshman,2004-05-10
20591,Freshman,2004-04-22
20592,Freshman,2004-01-15
20593,Freshman,2004-09-03
20594,Freshman,2004-08-28
20595,Freshman,2004-11-18
20596,Freshman,2004-05-03
20597,Freshman,2004-12-25
20598,Freshman,2004-12-07
20599,Freshman,2004-03-19
20600,Freshman,2004-06-11
20601,Freshman,2004-11-23
20602,Freshman,2004-10-14
20603,Freshman,2004-08-13
20604,Freshman,2004-01-25
20605,Freshman,2004-07-07
20606,Freshman,2004-08-16
20607,Freshman,2004-09-29
20608,Freshman,2004-11-02
20609,Freshman,2004-06-30
20610,Freshman,2004-10-14
20611,Freshman,2004-09-04
20612,Freshman,2004-11-29
20613,Freshman,2004-04-19
20614,Freshman,2004-01-29
20615,Freshman,2004-10-04
20616,Freshman,2004-09-23
20617,Freshman,2004-07-22
20618,Freshman,2004-02-21
20619,Freshman,2004-02-17
20620,Freshman,2004-05-11
20621,Freshman,2004-02-02
20622,Freshman,2004-07-03
20623,Freshman,2004-01-07
20624,Freshman,2004-01-18
20625,Freshman,2004-09-28
20626,Freshman,2004-07-01
20627,Freshman,2004-03-06
20628,Freshman,2004-06-28
20629,Freshman,2004-01-09
20630,Freshman,2004-01-25
20631,Freshman,2004-12-25
20632,Freshman,2004-01-14
20633,Freshman,2004-11-30
20634,Freshman,2004-06-20
20635,Freshman,2004-06-28
20636,Freshman,2004-08-07
20637,Freshman,2004-11-05
20638,Freshman,2004-07-06
20639,Freshman,2004-02-09
20640,Freshman,2004-02-02
20641,Freshman,2004-11-28
20642,Freshman,2004-03-19
20643,Freshman,2004-12-27
20644,Freshman,2004-09-29
20645,Freshman,2004-09-01
20646,Freshman,2004-05-25
20647,Freshman,2004-07-30
20648,Freshman,2004-03-25
20649,Freshman,2004-05-26
20650,Freshman,2004-07-16
20651,Freshman,2004-04-12
20652,Freshman,2004-01-26
20653,Freshman,2004-11-17
20654,Freshman,2004-11-26
20655,Freshman,2004-07-19
20656,Freshman,2004-05-29
20657,Freshman,2004-05-20
20658,Freshman,2004-08-28
20659,Freshman,2004-09-16
20660,Freshman,2004-05-18
20661,Freshman,2004-05-18
20662,Freshman,2004-07-19
20663,Freshman,2004-12-03
20664,Freshman,2004-07-25
20665,Freshman,2004-07-27
20666,Freshman,2004-10-10
20667,Freshman,2004-05-06
20668,Freshman,2004-09-20
20669,Freshman,2004-01-11
20670,Freshman,2004-07-03
20671,Freshman,2004-11-08
20672,Freshman,2004-04-13
20673,Freshman,2004-04-03
20674,Freshman,2004-06-04
20675,Freshman,2004-09-24
20676,Freshman,2004-03-17
20677,Freshman,2004-12-02
20678,Freshman,2004-07-05
20679,Freshman,2004-05-10
20680,Freshman,2004-06-18
20681,Freshman,2004-11-08
20682,Freshman,2004-01-06
20683,Freshman,2004-09-07
20684,Freshman,2004-12-15
20685,Freshman,2004-11-16
20686,Freshman,2004-07-12
20687,Freshman,2004-02-06
20688,Freshman,2004-07-24
20689,Freshman,2004-04-10
20690,Freshman,2004-08-18
20691,Freshman,2004-01-04
20692,Freshman,2004-10-15
20693,Freshman,2004-05-06
20694,Freshman,2004-03-01
20695,Freshman,2004-04-13
20696,Freshman,2004-11-01
20697,Freshman,2004-08-13
20698,Freshman,2004-10-03
20699,Freshman,2004-07-08
20700,Freshman,2004-06-13
20701,Freshman,2004-03-03
20702,Freshman,2004-01-01
20703,Freshman,2004-10-27
20704,Freshman,2004-02-21
20705,Freshman,2004-06-05
20706,Freshman,2004-06-02
20707,Freshman,2004-12-22
20708,Freshman,2004-03-03
20709,Freshman,2004-02-13
20710,Freshman,2004-09-06
20711,Freshman,2004-05-21
20712,Freshman,2004-06-01
20713,Freshman,2004-07-15
20714,Freshman,2004-07-25
20715,Freshman,2004-11-17
20716,Freshman,2004-01-02
20717,Freshman,2004-05-14
20718,Freshman,2004-11-28
20719,Freshman,2004-05-01
20720,Freshman,2004-04-02
20721,Freshman,2004-10-11
20722,Freshman,2004-07-06
20723,Freshman,2004-07-09
20724,Freshman,2004-11-15
20725,Freshman,2004-10-26
20726,Freshman,2004-09-23
20727,Freshman,2004-08-15
20728,Freshman,2004-09-27
20729,Freshman,2004-12-20
20730,Freshman,2004-11-26
20731,Freshman,2004-03-07
20732,Freshman,2004-02-13
20733,Freshman,2004-01-04
20734,Freshman,2004-04-04
20735,Freshman,2004-10-13
20736,Freshman,2004-06-19
20737,Freshman,2004-02-14
20738,Freshman,2004-10-23
20739,Freshman,2004-08-16
20740,Freshman,2004-11-11
20741,Freshman,2004-09-12
20742,Freshman,2004-08-12
20743,Freshman,2004-06-12
20744,Freshman,2004-05-21
20745,Freshman,2004-10-17
20746,Freshman,2004-05-09
20747,Freshman,2004-06-28
20748,Freshman,2004-02-14
20749,Freshman,2004-09-03
20750,Freshman,2004-06-26
20751,Freshman,2004-12-27
20752,Freshman,2004-03-26
20753,Freshman,2004-02-24
20754,Freshman,2004-02-08
20755,Freshman,2004-05-31
20756,Freshman,2004-08-28
20757,Freshman,2004-06-04
20758,Freshman,2004-05-25
20759,Freshman,2004-07-02
20760,Freshman,2004-03-31
20761,Freshman,2004-11-12
20762,Freshman,2004-09-20
20763,Freshman,2004-01-12
20764,Freshman,2004-08-01
20765,Freshman,2004-03-08
20766,Freshman,2004-09-07
20767,Freshman,2004-04-17
20768,Freshman,2004-01-09
20769,Freshman,2004-12-06
20770,Freshman,2004-05-22
20771,Freshman,2004-08-31
20772,Freshman,2004-07-28
20773,Freshman,2004-03-26
20774,Freshman,2004-11-30
20775,Freshman,2004-06-21
20776,Freshman,2004-07-26
20777,Freshman,2004-12-09
20778,Freshman,2004-02-24
20779,Freshman,2004-04-26
20780,Freshman,2004-10-05
20781,Freshman,2004-07-01
20782,Freshman,2004-03-19
20783,Freshman,2004-10-29
20784,Freshman,2004-03-04
20785,Freshman,2004-10-31
20786,Freshman,2004-05-06
20787,Freshman,2004-08-23
20788,Freshman,2004-06-06
20789,Freshman,2004-10-26
20790,Freshman,2004-11-06
20791,Freshman,2004-05-11
20792,Freshman,2004-04-10
20793,Freshman,2004-07-22
20794,Freshman,2004-11-06
20795,Freshman,2004-08-08
20796,Freshman,2004-11-24
20797,Freshman,2004-03-20
20798,Freshman,2004-07-16
20799,Freshman,2004-06-17
